measurement_type,datetimems,measurement
ECG,1404493201295,506
ECG,1404493201291,506
ECG,1404493201299,506
ECG,1404493201303,506
ECG,1404493201307,506
ECG,1404493201311,506
ECG,1404493201315,506
ECG,1404493201319,506
ECG,1404493201323,506
ECG,1404493201327,506
ECG,1404493201331,506
ECG,1404493201335,505
ECG,1404493201339,504
ECG,1404493201343,503
ECG,1404493201347,505
ECG,1404493201351,508
ECG,1404493201355,513
ECG,1404493201359,520
ECG,1404493201363,527
ECG,1404493201367,532
ECG,1404493201371,533
ECG,1404493201375,528
ECG,1404493201379,518
ECG,1404493201383,506
ECG,1404493201387,496
ECG,1404493201391,492
ECG,1404493201395,494
ECG,1404493201399,499
ECG,1404493201403,505
ECG,1404493201407,508
ECG,1404493201411,508
ECG,1404493201415,507
ECG,1404493201419,507
ECG,1404493201423,507
ECG,1404493201427,507
ECG,1404493201431,507
ECG,1404493201435,507
ECG,1404493201427,508
ECG,1404493201431,508
ECG,1404493201435,508
ECG,1404493201439,509
ECG,1404493201443,509
ECG,1404493201447,509
ECG,1404493201451,509
ECG,1404493201455,509
ECG,1404493201459,509
ECG,1404493201463,509
ECG,1404493201467,510
ECG,1404493201471,510
ECG,1404493201475,511
ECG,1404493201479,511
ECG,1404493201483,511
ECG,1404493201487,512
ECG,1404493201491,512
ECG,1404493201495,512
ECG,1404493201499,512
ECG,1404493201503,512
ECG,1404493201507,513
ECG,1404493201511,514
ECG,1404493201515,514
ECG,1404493201519,514
ECG,1404493201523,514
ECG,1404493201527,514
ECG,1404493201531,515
ECG,1404493201535,515
ECG,1404493201539,515
ECG,1404493201543,514
ECG,1404493201547,514
ECG,1404493201551,514
ECG,1404493201555,513
ECG,1404493201559,513
ECG,1404493201563,513
ECG,1404493201567,513
ECG,1404493201571,513
ECG,1404493201575,513
ECG,1404493201579,513
ECG,1404493201583,512
ECG,1404493201587,512
ECG,1404493201591,512
ECG,1404493201595,512
ECG,1404493201599,512
ECG,1404493201603,511
ECG,1404493201607,510
ECG,1404493201611,510
ECG,1404493201615,509
ECG,1404493201619,508
ECG,1404493201623,508
ECG,1404493201627,508
ECG,1404493201631,508
ECG,1404493201635,508
ECG,1404493201639,508
ECG,1404493201643,507
ECG,1404493201647,507
ECG,1404493201651,506
ECG,1404493201655,506
ECG,1404493201659,506
ECG,1404493201663,507
ECG,1404493201667,507
ECG,1404493201671,508
ECG,1404493201675,508
ECG,1404493201663,508
ECG,1404493201667,507
ECG,1404493201671,508
ECG,1404493201675,508
ECG,1404493201679,508
ECG,1404493201683,508
ECG,1404493201687,508
ECG,1404493201691,508
ECG,1404493201695,508
ECG,1404493201699,507
ECG,1404493201703,507
ECG,1404493201707,507
ECG,1404493201711,507
ECG,1404493201715,507
ECG,1404493201719,507
ECG,1404493201723,507
ECG,1404493201727,506
ECG,1404493201731,506
ECG,1404493201735,506
ECG,1404493201739,507
ECG,1404493201743,507
ECG,1404493201747,507
ECG,1404493201751,507
ECG,1404493201755,507
ECG,1404493201759,507
ECG,1404493201763,508
ECG,1404493201767,508
ECG,1404493201771,508
ECG,1404493201775,508
ECG,1404493201779,508
ECG,1404493201783,508
ECG,1404493201787,508
ECG,1404493201791,508
ECG,1404493201795,508
ECG,1404493201799,509
ECG,1404493201803,509
ECG,1404493201807,509
ECG,1404493201811,509
ECG,1404493201815,509
ECG,1404493201819,508
ECG,1404493201823,508
ECG,1404493201827,508
ECG,1404493201831,507
ECG,1404493201835,507
ECG,1404493201839,506
ECG,1404493201843,506
ECG,1404493201847,506
ECG,1404493201851,506
ECG,1404493201855,506
ECG,1404493201859,506
ECG,1404493201863,506
ECG,1404493201867,506
ECG,1404493201871,506
ECG,1404493201875,506
ECG,1404493201879,506
ECG,1404493201883,505
ECG,1404493201887,505
ECG,1404493201891,505
ECG,1404493201895,505
ECG,1404493201899,506
ECG,1404493201903,506
ECG,1404493201907,506
ECG,1404493201911,506
ECG,1404493201938,505
ECG,1404493201942,504
ECG,1404493201946,503
ECG,1404493201950,503
ECG,1404493201954,505
ECG,1404493201958,509
ECG,1404493201962,515
ECG,1404493201966,522
ECG,1404493201970,529
ECG,1404493201974,533
ECG,1404493201978,531
ECG,1404493201982,524
ECG,1404493201986,512
ECG,1404493201990,501
ECG,1404493201994,493
ECG,1404493201998,492
ECG,1404493202002,495
ECG,1404493202006,501
ECG,1404493202010,505
ECG,1404493202014,507
ECG,1404493202018,507
ECG,1404493202022,506
ECG,1404493202026,506
ECG,1404493202030,507
ECG,1404493202034,507
ECG,1404493202038,507
ECG,1404493202042,507
ECG,1404493202046,507
ECG,1404493202050,507
ECG,1404493202054,507
ECG,1404493202058,508
ECG,1404493202062,508
ECG,1404493202066,508
ECG,1404493202070,509
ECG,1404493202074,509
ECG,1404493202078,509
ECG,1404493202082,509
ECG,1404493202086,510
ECG,1404493202090,510
ECG,1404493202094,510
ECG,1404493202098,510
ECG,1404493202102,511
ECG,1404493202106,511
ECG,1404493202110,511
ECG,1404493202114,511
ECG,1404493202118,512
ECG,1404493202122,512
ECG,1404493202126,513
ECG,1404493202130,513
ECG,1404493202134,513
ECG,1404493202138,514
ECG,1404493202142,514
ECG,1404493202146,514
ECG,1404493202150,514
ECG,1404493202154,514
ECG,1404493202158,514
ECG,1404493202162,514
ECG,1404493202166,514
ECG,1404493202170,513
ECG,1404493202174,513
ECG,1404493202178,513
ECG,1404493202182,513
ECG,1404493202186,512
ECG,1404493202157,512
ECG,1404493202161,512
ECG,1404493202165,512
ECG,1404493202169,512
ECG,1404493202173,512
ECG,1404493202177,511
ECG,1404493202181,510
ECG,1404493202185,510
ECG,1404493202189,509
ECG,1404493202193,509
ECG,1404493202197,509
ECG,1404493202201,509
ECG,1404493202205,508
ECG,1404493202209,508
ECG,1404493202213,507
ECG,1404493202217,507
ECG,1404493202221,507
ECG,1404493202225,506
ECG,1404493202229,506
ECG,1404493202233,506
ECG,1404493202237,506
ECG,1404493202241,507
ECG,1404493202245,507
ECG,1404493202249,507
ECG,1404493202253,507
ECG,1404493202257,507
ECG,1404493202261,507
ECG,1404493202265,507
ECG,1404493202269,506
ECG,1404493202273,506
ECG,1404493202277,506
ECG,1404493202281,506
ECG,1404493202285,506
ECG,1404493202289,507
ECG,1404493202293,506
ECG,1404493202297,506
ECG,1404493202301,506
ECG,1404493202305,506
ECG,1404493202309,506
ECG,1404493202313,506
ECG,1404493202317,506
ECG,1404493202321,506
ECG,1404493202325,506
ECG,1404493202329,506
ECG,1404493202333,506
ECG,1404493202337,506
ECG,1404493202341,506
ECG,1404493202345,505
ECG,1404493202349,506
ECG,1404493202353,506
ECG,1404493202357,506
ECG,1404493202361,506
ECG,1404493202365,506
ECG,1404493202369,506
ECG,1404493202373,506
ECG,1404493202377,506
ECG,1404493202381,506
ECG,1404493202385,506
ECG,1404493202389,507
ECG,1404493202393,507
ECG,1404493202397,507
ECG,1404493202401,507
ECG,1404493202405,507
ECG,1404493202416,508
ECG,1404493202420,508
ECG,1404493202424,508
ECG,1404493202428,507
ECG,1404493202432,507
ECG,1404493202436,506
ECG,1404493202440,505
ECG,1404493202444,504
ECG,1404493202448,504
ECG,1404493202452,504
ECG,1404493202456,504
ECG,1404493202460,504
ECG,1404493202464,504
ECG,1404493202468,505
ECG,1404493202472,505
ECG,1404493202476,505
ECG,1404493202480,505
ECG,1404493202484,504
ECG,1404493202488,505
ECG,1404493202492,505
ECG,1404493202496,505
ECG,1404493202500,505
ECG,1404493202504,505
ECG,1404493202508,505
ECG,1404493202512,505
ECG,1404493202516,505
ECG,1404493202520,504
ECG,1404493202524,503
ECG,1404493202528,502
ECG,1404493202532,502
ECG,1404493202536,503
ECG,1404493202540,507
ECG,1404493202544,512
ECG,1404493202548,519
ECG,1404493202552,525
ECG,1404493202556,530
ECG,1404493202560,531
ECG,1404493202564,526
ECG,1404493202568,517
ECG,1404493202572,505
ECG,1404493202576,494
ECG,1404493202580,488
ECG,1404493202584,489
ECG,1404493202588,494
ECG,1404493202592,500
ECG,1404493202596,505
ECG,1404493202600,507
ECG,1404493202604,506
ECG,1404493202608,506
ECG,1404493202612,505
ECG,1404493202616,506
ECG,1404493202620,506
ECG,1404493202624,506
ECG,1404493202628,507
ECG,1404493202632,507
ECG,1404493202636,507
ECG,1404493202640,507
ECG,1404493202644,507
ECG,1404493202648,507
ECG,1404493202652,508
ECG,1404493202656,508
ECG,1404493202660,509
ECG,1404493202664,509
ECG,1404493202691,509
ECG,1404493202695,509
ECG,1404493202699,509
ECG,1404493202703,509
ECG,1404493202707,509
ECG,1404493202711,510
ECG,1404493202715,510
ECG,1404493202719,511
ECG,1404493202723,511
ECG,1404493202727,511
ECG,1404493202731,511
ECG,1404493202735,511
ECG,1404493202739,511
ECG,1404493202743,512
ECG,1404493202747,513
ECG,1404493202751,513
ECG,1404493202755,514
ECG,1404493202759,513
ECG,1404493202763,513
ECG,1404493202767,513
ECG,1404493202771,513
ECG,1404493202775,513
ECG,1404493202779,512
ECG,1404493202783,512
ECG,1404493202787,512
ECG,1404493202791,512
ECG,1404493202795,512
ECG,1404493202799,512
ECG,1404493202803,512
ECG,1404493202807,512
ECG,1404493202811,512
ECG,1404493202815,511
ECG,1404493202819,511
ECG,1404493202823,510
ECG,1404493202827,510
ECG,1404493202831,510
ECG,1404493202835,509
ECG,1404493202839,509
ECG,1404493202843,508
ECG,1404493202847,507
ECG,1404493202851,506
ECG,1404493202855,505
ECG,1404493202859,505
ECG,1404493202863,505
ECG,1404493202867,506
ECG,1404493202871,507
ECG,1404493202875,507
ECG,1404493202879,507
ECG,1404493202883,506
ECG,1404493202887,506
ECG,1404493202891,507
ECG,1404493202895,507
ECG,1404493202899,507
ECG,1404493202903,507
ECG,1404493202907,506
ECG,1404493202911,506
ECG,1404493202915,506
ECG,1404493202919,506
ECG,1404493202923,506
ECG,1404493202927,507
ECG,1404493202931,507
ECG,1404493202935,507
ECG,1404493202939,507
ECG,1404493202924,507
ECG,1404493202928,506
ECG,1404493202932,506
ECG,1404493202936,506
ECG,1404493202940,506
ECG,1404493202944,506
ECG,1404493202948,506
ECG,1404493202952,506
ECG,1404493202956,506
ECG,1404493202960,506
ECG,1404493202964,507
ECG,1404493202968,506
ECG,1404493202972,507
ECG,1404493202976,507
ECG,1404493202980,507
ECG,1404493202984,506
ECG,1404493202988,506
ECG,1404493202992,506
ECG,1404493202996,506
ECG,1404493203000,507
ECG,1404493203004,507
ECG,1404493203008,507
ECG,1404493203012,508
ECG,1404493203016,508
ECG,1404493203020,508
ECG,1404493203024,508
ECG,1404493203028,508
ECG,1404493203032,508
ECG,1404493203036,508
ECG,1404493203040,508
ECG,1404493203044,507
ECG,1404493203048,507
ECG,1404493203052,507
ECG,1404493203056,506
ECG,1404493203060,506
ECG,1404493203064,505
ECG,1404493203068,505
ECG,1404493203072,504
ECG,1404493203076,504
ECG,1404493203080,504
ECG,1404493203084,504
ECG,1404493203088,505
ECG,1404493203092,505
ECG,1404493203096,505
ECG,1404493203100,505
ECG,1404493203104,505
ECG,1404493203108,505
ECG,1404493203112,505
ECG,1404493203116,505
ECG,1404493203120,505
ECG,1404493203124,505
ECG,1404493203128,505
ECG,1404493203132,504
ECG,1404493203136,503
ECG,1404493203140,502
ECG,1404493203144,502
ECG,1404493203148,505
ECG,1404493203152,509
ECG,1404493203156,515
ECG,1404493203160,522
ECG,1404493203164,528
ECG,1404493203168,532
ECG,1404493203172,531
ECG,1404493203190,524
ECG,1404493203194,513
ECG,1404493203198,501
ECG,1404493203202,492
ECG,1404493203206,490
ECG,1404493203210,494
ECG,1404493203214,500
ECG,1404493203218,505
ECG,1404493203222,507
ECG,1404493203226,507
ECG,1404493203230,506
ECG,1404493203234,506
ECG,1404493203238,506
ECG,1404493203242,506
ECG,1404493203246,507
ECG,1404493203250,507
ECG,1404493203254,507
ECG,1404493203258,507
ECG,1404493203262,507
ECG,1404493203266,507
ECG,1404493203270,508
ECG,1404493203274,508
ECG,1404493203278,508
ECG,1404493203282,509
ECG,1404493203286,509
ECG,1404493203290,509
ECG,1404493203294,509
ECG,1404493203298,509
ECG,1404493203302,509
ECG,1404493203306,510
ECG,1404493203310,510
ECG,1404493203314,511
ECG,1404493203318,512
ECG,1404493203322,512
ECG,1404493203326,512
ECG,1404493203330,513
ECG,1404493203334,513
ECG,1404493203338,513
ECG,1404493203342,513
ECG,1404493203346,513
ECG,1404493203350,514
ECG,1404493203354,514
ECG,1404493203358,514
ECG,1404493203362,515
ECG,1404493203366,515
ECG,1404493203370,514
ECG,1404493203374,514
ECG,1404493203378,514
ECG,1404493203382,513
ECG,1404493203386,513
ECG,1404493203390,513
ECG,1404493203394,512
ECG,1404493203398,512
ECG,1404493203402,512
ECG,1404493203406,512
ECG,1404493203410,512
ECG,1404493203414,512
ECG,1404493203418,512
ECG,1404493203422,512
ECG,1404493203426,511
ECG,1404493203430,510
ECG,1404493203434,510
ECG,1404493203438,509
ECG,1404493203441,509
ECG,1404493203445,509
ECG,1404493203449,509
ECG,1404493203453,508
ECG,1404493203457,508
ECG,1404493203461,508
ECG,1404493203465,507
ECG,1404493203469,507
ECG,1404493203473,507
ECG,1404493203477,508
ECG,1404493203481,508
ECG,1404493203485,508
ECG,1404493203489,508
ECG,1404493203493,508
ECG,1404493203497,507
ECG,1404493203501,507
ECG,1404493203505,507
ECG,1404493203509,507
ECG,1404493203513,507
ECG,1404493203517,508
ECG,1404493203521,508
ECG,1404493203525,507
ECG,1404493203529,507
ECG,1404493203533,507
ECG,1404493203537,507
ECG,1404493203541,507
ECG,1404493203545,507
ECG,1404493203549,507
ECG,1404493203553,507
ECG,1404493203557,507
ECG,1404493203561,507
ECG,1404493203565,507
ECG,1404493203569,507
ECG,1404493203573,507
ECG,1404493203577,507
ECG,1404493203581,506
ECG,1404493203585,506
ECG,1404493203589,506
ECG,1404493203593,507
ECG,1404493203597,507
ECG,1404493203601,507
ECG,1404493203605,508
ECG,1404493203609,508
ECG,1404493203613,508
ECG,1404493203617,508
ECG,1404493203621,507
ECG,1404493203625,507
ECG,1404493203629,507
ECG,1404493203633,507
ECG,1404493203637,507
ECG,1404493203641,508
ECG,1404493203645,509
ECG,1404493203649,509
ECG,1404493203653,508
ECG,1404493203657,508
ECG,1404493203661,507
ECG,1404493203665,507
ECG,1404493203669,506
ECG,1404493203673,506
ECG,1404493203677,506
ECG,1404493203681,506
ECG,1404493203685,506
ECG,1404493203689,506
ECG,1404493203691,506
ECG,1404493203695,506
ECG,1404493203699,506
ECG,1404493203703,506
ECG,1404493203707,506
ECG,1404493203711,505
ECG,1404493203715,505
ECG,1404493203719,505
ECG,1404493203723,505
ECG,1404493203727,505
ECG,1404493203731,506
ECG,1404493203735,506
ECG,1404493203739,506
ECG,1404493203743,506
ECG,1404493203747,506
ECG,1404493203751,505
ECG,1404493203755,504
ECG,1404493203759,503
ECG,1404493203763,503
ECG,1404493203767,505
ECG,1404493203771,509
ECG,1404493203775,515
ECG,1404493203779,522
ECG,1404493203783,528
ECG,1404493203787,533
ECG,1404493203791,532
ECG,1404493203795,525
ECG,1404493203799,513
ECG,1404493203803,501
ECG,1404493203807,493
ECG,1404493203811,491
ECG,1404493203815,495
ECG,1404493203819,501
ECG,1404493203823,506
ECG,1404493203827,507
ECG,1404493203831,507
ECG,1404493203835,507
ECG,1404493203839,506
ECG,1404493203843,507
ECG,1404493203847,507
ECG,1404493203851,507
ECG,1404493203855,507
ECG,1404493203859,507
ECG,1404493203863,507
ECG,1404493203867,507
ECG,1404493203871,507
ECG,1404493203875,508
ECG,1404493203879,508
ECG,1404493203883,508
ECG,1404493203887,508
ECG,1404493203891,508
ECG,1404493203895,509
ECG,1404493203899,509
ECG,1404493203903,509
ECG,1404493203907,509
ECG,1404493203911,510
ECG,1404493203915,510
ECG,1404493203919,510
ECG,1404493203923,511
ECG,1404493203927,511
ECG,1404493203931,512
ECG,1404493203935,512
ECG,1404493203939,512
ECG,1404493203926,513
ECG,1404493203930,513
ECG,1404493203934,513
ECG,1404493203938,514
ECG,1404493203942,514
ECG,1404493203946,514
ECG,1404493203950,514
ECG,1404493203954,514
ECG,1404493203958,513
ECG,1404493203962,513
ECG,1404493203966,513
ECG,1404493203970,513
ECG,1404493203974,513
ECG,1404493203978,512
ECG,1404493203982,512
ECG,1404493203986,512
ECG,1404493203990,512
ECG,1404493203994,512
ECG,1404493203998,512
ECG,1404493204002,511
ECG,1404493204006,511
ECG,1404493204010,511
ECG,1404493204014,510
ECG,1404493204018,510
ECG,1404493204022,509
ECG,1404493204026,509
ECG,1404493204030,508
ECG,1404493204034,508
ECG,1404493204038,507
ECG,1404493204042,507
ECG,1404493204046,507
ECG,1404493204050,507
ECG,1404493204054,507
ECG,1404493204058,507
ECG,1404493204062,507
ECG,1404493204066,507
ECG,1404493204070,507
ECG,1404493204074,507
ECG,1404493204078,507
ECG,1404493204082,507
ECG,1404493204086,507
ECG,1404493204090,507
ECG,1404493204094,507
ECG,1404493204098,507
ECG,1404493204102,507
ECG,1404493204106,507
ECG,1404493204110,507
ECG,1404493204114,507
ECG,1404493204118,507
ECG,1404493204122,507
ECG,1404493204126,507
ECG,1404493204130,507
ECG,1404493204134,507
ECG,1404493204138,507
ECG,1404493204142,507
ECG,1404493204146,507
ECG,1404493204150,506
ECG,1404493204154,506
ECG,1404493204158,506
ECG,1404493204162,506
ECG,1404493204166,506
ECG,1404493204170,507
ECG,1404493204174,507
ECG,1404493204194,507
ECG,1404493204198,507
ECG,1404493204202,507
ECG,1404493204206,507
ECG,1404493204210,507
ECG,1404493204214,507
ECG,1404493204218,507
ECG,1404493204222,508
ECG,1404493204226,508
ECG,1404493204230,508
ECG,1404493204234,508
ECG,1404493204238,508
ECG,1404493204242,509
ECG,1404493204246,509
ECG,1404493204250,509
ECG,1404493204254,509
ECG,1404493204258,508
ECG,1404493204262,508
ECG,1404493204266,507
ECG,1404493204270,507
ECG,1404493204274,507
ECG,1404493204278,506
ECG,1404493204282,506
ECG,1404493204286,506
ECG,1404493204290,505
ECG,1404493204294,505
ECG,1404493204298,505
ECG,1404493204302,505
ECG,1404493204306,505
ECG,1404493204310,505
ECG,1404493204314,505
ECG,1404493204318,505
ECG,1404493204322,505
ECG,1404493204326,505
ECG,1404493204330,505
ECG,1404493204334,505
ECG,1404493204338,505
ECG,1404493204342,506
ECG,1404493204346,506
ECG,1404493204350,506
ECG,1404493204354,505
ECG,1404493204358,504
ECG,1404493204362,503
ECG,1404493204366,503
ECG,1404493204370,505
ECG,1404493204374,509
ECG,1404493204378,515
ECG,1404493204382,522
ECG,1404493204386,529
ECG,1404493204390,532
ECG,1404493204394,531
ECG,1404493204398,523
ECG,1404493204402,512
ECG,1404493204406,500
ECG,1404493204410,493
ECG,1404493204414,492
ECG,1404493204418,496
ECG,1404493204422,502
ECG,1404493204426,506
ECG,1404493204430,507
ECG,1404493204434,507
ECG,1404493204438,506
ECG,1404493204442,506
ECG,1404493204443,507
ECG,1404493204447,507
ECG,1404493204451,507
ECG,1404493204455,507
ECG,1404493204459,507
ECG,1404493204463,507
ECG,1404493204467,508
ECG,1404493204471,508
ECG,1404493204475,508
ECG,1404493204479,508
ECG,1404493204483,508
ECG,1404493204487,509
ECG,1404493204491,509
ECG,1404493204495,510
ECG,1404493204499,510
ECG,1404493204503,510
ECG,1404493204507,510
ECG,1404493204511,510
ECG,1404493204515,510
ECG,1404493204519,511
ECG,1404493204523,511
ECG,1404493204527,511
ECG,1404493204531,512
ECG,1404493204535,512
ECG,1404493204539,512
ECG,1404493204543,513
ECG,1404493204547,513
ECG,1404493204551,513
ECG,1404493204555,514
ECG,1404493204559,514
ECG,1404493204563,514
ECG,1404493204567,514
ECG,1404493204571,514
ECG,1404493204575,513
ECG,1404493204579,513
ECG,1404493204583,513
ECG,1404493204587,513
ECG,1404493204591,513
ECG,1404493204595,513
ECG,1404493204599,513
ECG,1404493204603,513
ECG,1404493204607,512
ECG,1404493204611,512
ECG,1404493204615,512
ECG,1404493204619,511
ECG,1404493204623,511
ECG,1404493204627,511
ECG,1404493204631,510
ECG,1404493204635,510
ECG,1404493204639,510
ECG,1404493204643,509
ECG,1404493204647,509
ECG,1404493204651,508
ECG,1404493204655,508
ECG,1404493204659,507
ECG,1404493204663,507
ECG,1404493204667,507
ECG,1404493204671,507
ECG,1404493204675,507
ECG,1404493204679,507
ECG,1404493204683,507
ECG,1404493204687,507
ECG,1404493204691,507
ECG,1404493204686,507
ECG,1404493204690,507
ECG,1404493204694,507
ECG,1404493204698,507
ECG,1404493204702,507
ECG,1404493204706,507
ECG,1404493204710,507
ECG,1404493204714,507
ECG,1404493204718,507
ECG,1404493204722,507
ECG,1404493204726,507
ECG,1404493204730,507
ECG,1404493204734,507
ECG,1404493204738,507
ECG,1404493204742,507
ECG,1404493204746,507
ECG,1404493204750,507
ECG,1404493204754,507
ECG,1404493204758,507
ECG,1404493204762,507
ECG,1404493204766,507
ECG,1404493204770,507
ECG,1404493204774,506
ECG,1404493204778,506
ECG,1404493204782,506
ECG,1404493204786,507
ECG,1404493204790,507
ECG,1404493204794,507
ECG,1404493204798,507
ECG,1404493204802,508
ECG,1404493204806,507
ECG,1404493204810,508
ECG,1404493204814,508
ECG,1404493204818,508
ECG,1404493204822,508
ECG,1404493204826,508
ECG,1404493204830,509
ECG,1404493204834,509
ECG,1404493204838,509
ECG,1404493204842,509
ECG,1404493204846,508
ECG,1404493204850,507
ECG,1404493204854,507
ECG,1404493204858,506
ECG,1404493204862,506
ECG,1404493204866,506
ECG,1404493204870,505
ECG,1404493204874,505
ECG,1404493204878,505
ECG,1404493204882,505
ECG,1404493204886,505
ECG,1404493204890,505
ECG,1404493204894,505
ECG,1404493204898,505
ECG,1404493204902,505
ECG,1404493204906,505
ECG,1404493204910,505
ECG,1404493204914,506
ECG,1404493204918,506
ECG,1404493204922,506
ECG,1404493204926,506
ECG,1404493204930,506
ECG,1404493204934,506
ECG,1404493204966,506
ECG,1404493204970,506
ECG,1404493204974,505
ECG,1404493204978,504
ECG,1404493204982,503
ECG,1404493204986,502
ECG,1404493204990,505
ECG,1404493204994,509
ECG,1404493204998,515
ECG,1404493205002,522
ECG,1404493205006,530
ECG,1404493205010,534
ECG,1404493205014,532
ECG,1404493205018,525
ECG,1404493205022,513
ECG,1404493205026,501
ECG,1404493205030,493
ECG,1404493205034,492
ECG,1404493205038,496
ECG,1404493205042,502
ECG,1404493205046,506
ECG,1404493205050,508
ECG,1404493205054,507
ECG,1404493205058,506
ECG,1404493205062,506
ECG,1404493205066,506
ECG,1404493205070,507
ECG,1404493205074,507
ECG,1404493205078,507
ECG,1404493205082,508
ECG,1404493205086,508
ECG,1404493205090,508
ECG,1404493205094,508
ECG,1404493205098,508
ECG,1404493205102,508
ECG,1404493205106,508
ECG,1404493205110,508
ECG,1404493205114,508
ECG,1404493205118,509
ECG,1404493205122,509
ECG,1404493205126,510
ECG,1404493205130,511
ECG,1404493205134,511
ECG,1404493205138,511
ECG,1404493205142,511
ECG,1404493205146,511
ECG,1404493205150,512
ECG,1404493205154,512
ECG,1404493205158,512
ECG,1404493205162,513
ECG,1404493205166,513
ECG,1404493205170,514
ECG,1404493205174,514
ECG,1404493205178,514
ECG,1404493205182,513
ECG,1404493205186,513
ECG,1404493205190,512
ECG,1404493205194,512
ECG,1404493205198,512
ECG,1404493205202,512
ECG,1404493205206,512
ECG,1404493205210,512
ECG,1404493205214,512
ECG,1404493205205,512
ECG,1404493205209,513
ECG,1404493205213,513
ECG,1404493205217,512
ECG,1404493205221,512
ECG,1404493205225,512
ECG,1404493205229,512
ECG,1404493205233,511
ECG,1404493205237,511
ECG,1404493205241,510
ECG,1404493205245,510
ECG,1404493205249,509
ECG,1404493205253,509
ECG,1404493205257,509
ECG,1404493205261,509
ECG,1404493205265,509
ECG,1404493205269,508
ECG,1404493205273,508
ECG,1404713983960,508
ECG,1404713983964,508
ECG,1404713983968,508
ECG,1404713983972,508
ECG,1404713983976,508
ECG,1404713983980,508
ECG,1404713983984,507
ECG,1404713983988,507
ECG,1404713983992,506
ECG,1404713983996,506
ECG,1404713984000,506
ECG,1404713984004,505
ECG,1404713984008,505
ECG,1404713984012,505
ECG,1404713984016,505
ECG,1404713984020,505
ECG,1404713984024,505
ECG,1404713984028,505
ECG,1404713984032,505
ECG,1404713984036,505
ECG,1404713984040,505
ECG,1404713984044,505
ECG,1404713984048,505
ECG,1404713984052,505
ECG,1404713984056,505
ECG,1404713984060,505
ECG,1404713984064,505
ECG,1404713984108,505
ECG,1404713984112,505
ECG,1404713984116,505
ECG,1404713984120,505
ECG,1404713984124,505
ECG,1404713984128,504
ECG,1404713984132,504
ECG,1404713984136,505
ECG,1404713984140,507
ECG,1404713984144,512
ECG,1404713984148,519
ECG,1404713984152,528
ECG,1404713984156,536
ECG,1404713984160,542
ECG,1404713984164,541
ECG,1404713984168,533
ECG,1404713984172,520
ECG,1404713984176,507
ECG,1404713984180,498
ECG,1404713984184,495
ECG,1404713984188,498
ECG,1404713984192,502
ECG,1404713984196,505
ECG,1404713984200,506
ECG,1404713984204,505
ECG,1404713984208,505
ECG,1404713984212,506
ECG,1404713984216,507
ECG,1404713984220,507
ECG,1404713984224,507
ECG,1404713984228,507
ECG,1404713984232,507
ECG,1404713984236,507
ECG,1404713984240,507
ECG,1404713984244,507
ECG,1404713984248,507
ECG,1404713984252,507
ECG,1404713984256,507
ECG,1404713984260,508
ECG,1404713984264,508
ECG,1404713984268,508
ECG,1404713984272,509
ECG,1404713984276,509
ECG,1404713984280,509
ECG,1404713984284,509
ECG,1404713984288,509
ECG,1404713984292,510
ECG,1404713984296,510
ECG,1404713984300,510
ECG,1404713984304,511
ECG,1404713984308,511
ECG,1404713984312,512
ECG,1404713984316,512
ECG,1404713984320,512
ECG,1404713984324,513
ECG,1404713984328,513
ECG,1404713984332,514
ECG,1404713984336,515
ECG,1404713984340,515
ECG,1404713984344,516
ECG,1404713984348,516
ECG,1404713984352,516
ECG,1404713984356,516
ECG,1404713984324,516
ECG,1404713984328,517
ECG,1404713984332,517
ECG,1404713984336,517
ECG,1404713984340,517
ECG,1404713984344,517
ECG,1404713984348,517
ECG,1404713984352,517
ECG,1404713984356,516
ECG,1404713984360,515
ECG,1404713984364,514
ECG,1404713984368,513
ECG,1404713984372,512
ECG,1404713984376,511
ECG,1404713984380,510
ECG,1404713984384,509
ECG,1404713984388,508
ECG,1404713984392,507
ECG,1404713984396,507
ECG,1404713984400,506
ECG,1404713984404,505
ECG,1404713984408,505
ECG,1404713984412,504
ECG,1404713984416,504
ECG,1404713984420,504
ECG,1404713984424,504
ECG,1404713984428,504
ECG,1404713984432,504
ECG,1404713984436,504
ECG,1404713984440,504
ECG,1404713984444,503
ECG,1404713984448,503
ECG,1404713984452,503
ECG,1404713984456,503
ECG,1404713984460,504
ECG,1404713984464,504
ECG,1404713984468,504
ECG,1404713984472,504
ECG,1404713984476,505
ECG,1404713984480,505
ECG,1404713984484,505
ECG,1404713984488,505
ECG,1404713984492,505
ECG,1404713984496,505
ECG,1404713984500,505
ECG,1404713984504,505
ECG,1404713984508,505
ECG,1404713984512,505
ECG,1404713984516,505
ECG,1404713984520,505
ECG,1404713984524,504
ECG,1404713984528,504
ECG,1404713984532,504
ECG,1404713984536,504
ECG,1404713984540,505
ECG,1404713984544,505
ECG,1404713984548,505
ECG,1404713984552,505
ECG,1404713984556,505
ECG,1404713984560,505
ECG,1404713984564,506
ECG,1404713984568,506
ECG,1404713984572,506
ECG,1404713984584,506
ECG,1404713984588,506
ECG,1404713984592,506
ECG,1404713984596,506
ECG,1404713984600,507
ECG,1404713984604,507
ECG,1404713984608,506
ECG,1404713984612,506
ECG,1404713984616,506
ECG,1404713984620,505
ECG,1404713984624,505
ECG,1404713984628,504
ECG,1404713984632,504
ECG,1404713984636,504
ECG,1404713984640,503
ECG,1404713984644,503
ECG,1404713984648,503
ECG,1404713984652,503
ECG,1404713984656,503
ECG,1404713984660,503
ECG,1404713984664,503
ECG,1404713984668,503
ECG,1404713984672,502
ECG,1404713984676,503
ECG,1404713984680,503
ECG,1404713984684,503
ECG,1404713984688,503
ECG,1404713984692,503
ECG,1404713984696,503
ECG,1404713984700,503
ECG,1404713984704,503
ECG,1404713984708,503
ECG,1404713984712,503
ECG,1404713984716,503
ECG,1404713984720,502
ECG,1404713984724,501
ECG,1404713984728,500
ECG,1404713984732,501
ECG,1404713984736,505
ECG,1404713984740,511
ECG,1404713984744,518
ECG,1404713984748,528
ECG,1404713984752,537
ECG,1404713984756,541
ECG,1404713984760,539
ECG,1404713984764,528
ECG,1404713984768,513
ECG,1404713984772,500
ECG,1404713984776,492
ECG,1404713984780,491
ECG,1404713984784,495
ECG,1404713984788,500
ECG,1404713984792,503
ECG,1404713984796,503
ECG,1404713984800,502
ECG,1404713984804,502
ECG,1404713984808,502
ECG,1404713984812,503
ECG,1404713984816,503
ECG,1404713984820,504
ECG,1404713984824,504
ECG,1404713984828,504
ECG,1404713984832,504
ECG,1404713984861,504
ECG,1404713984865,504
ECG,1404713984869,504
ECG,1404713984873,505
ECG,1404713984877,505
ECG,1404713984881,505
ECG,1404713984885,505
ECG,1404713984889,505
ECG,1404713984893,505
ECG,1404713984897,506
ECG,1404713984901,506
ECG,1404713984905,507
ECG,1404713984909,508
ECG,1404713984913,508
ECG,1404713984917,508
ECG,1404713984921,508
ECG,1404713984925,508
ECG,1404713984929,508
ECG,1404713984933,509
ECG,1404713984937,509
ECG,1404713984941,510
ECG,1404713984945,511
ECG,1404713984949,511
ECG,1404713984953,512
ECG,1404713984957,512
ECG,1404713984961,512
ECG,1404713984965,513
ECG,1404713984969,513
ECG,1404713984973,513
ECG,1404713984977,514
ECG,1404713984981,514
ECG,1404713984985,514
ECG,1404713984989,515
ECG,1404713984993,515
ECG,1404713984997,515
ECG,1404713985001,514
ECG,1404713985005,514
ECG,1404713985009,514
ECG,1404713985013,513
ECG,1404713985017,512
ECG,1404713985021,512
ECG,1404713985025,510
ECG,1404713985029,509
ECG,1404713985033,508
ECG,1404713985037,507
ECG,1404713985041,506
ECG,1404713985045,505
ECG,1404713985049,504
ECG,1404713985053,503
ECG,1404713985057,502
ECG,1404713985061,502
ECG,1404713985065,501
ECG,1404713985069,501
ECG,1404713985073,501
ECG,1404713985077,501
ECG,1404713985081,501
ECG,1404713985085,501
ECG,1404713985089,501
ECG,1404713985093,501
ECG,1404713985097,501
ECG,1404713985101,501
ECG,1404713985105,501
ECG,1404713985109,501
ECG,1404713985154,501
ECG,1404713985158,501
ECG,1404713985162,501
ECG,1404713985166,501
ECG,1404713985170,501
ECG,1404713985174,501
ECG,1404713985178,501
ECG,1404713985182,501
ECG,1404713985186,501
ECG,1404713985190,501
ECG,1404713985194,501
ECG,1404713985198,502
ECG,1404713985202,501
ECG,1404713985206,501
ECG,1404713985210,502
ECG,1404713985214,502
ECG,1404713985218,502
ECG,1404713985222,503
ECG,1404713985226,503
ECG,1404713985230,503
ECG,1404713985234,502
ECG,1404713985238,502
ECG,1404713985242,502
ECG,1404713985246,502
ECG,1404713985250,503
ECG,1404713985254,503
ECG,1404713985258,503
ECG,1404713985262,504
ECG,1404713985266,504
ECG,1404713985270,504
ECG,1404713985274,504
ECG,1404713985278,504
ECG,1404713985282,504
ECG,1404713985286,504
ECG,1404713985290,504
ECG,1404713985294,504
ECG,1404713985298,504
ECG,1404713985302,504
ECG,1404713985306,504
ECG,1404713985310,504
ECG,1404713985314,504
ECG,1404713985318,504
ECG,1404713985322,504
ECG,1404713985326,503
ECG,1404713985330,502
ECG,1404713985334,502
ECG,1404713985338,502
ECG,1404713985342,502
ECG,1404713985346,502
ECG,1404713985350,502
ECG,1404713985354,502
ECG,1404713985358,502
ECG,1404713985362,502
ECG,1404713985366,502
ECG,1404713985370,502
ECG,1404713985374,502
ECG,1404713985378,502
ECG,1404713985382,502
ECG,1404713985386,502
ECG,1404713985390,502
ECG,1404713985394,502
ECG,1404713985398,502
ECG,1404713985402,502
ECG,1404713985357,502
ECG,1404713985361,502
ECG,1404713985365,502
ECG,1404713985369,501
ECG,1404713985373,500
ECG,1404713985377,500
ECG,1404713985381,502
ECG,1404713985385,507
ECG,1404713985389,513
ECG,1404713985393,522
ECG,1404713985397,531
ECG,1404713985401,539
ECG,1404713985405,541
ECG,1404713985409,535
ECG,1404713985413,522
ECG,1404713985417,507
ECG,1404713985421,495
ECG,1404713985425,490
ECG,1404713985429,491
ECG,1404713985433,496
ECG,1404713985437,501
ECG,1404713985441,503
ECG,1404713985445,503
ECG,1404713985449,502
ECG,1404713985453,502
ECG,1404713985457,503
ECG,1404713985461,503
ECG,1404713985465,504
ECG,1404713985469,505
ECG,1404713985473,505
ECG,1404713985477,505
ECG,1404713985481,505
ECG,1404713985485,504
ECG,1404713985489,504
ECG,1404713985493,504
ECG,1404713985497,505
ECG,1404713985501,505
ECG,1404713985505,506
ECG,1404713985509,506
ECG,1404713985513,506
ECG,1404713985517,506
ECG,1404713985521,506
ECG,1404713985525,507
ECG,1404713985529,507
ECG,1404713985533,508
ECG,1404713985537,508
ECG,1404713985541,508
ECG,1404713985545,508
ECG,1404713985549,509
ECG,1404713985553,509
ECG,1404713985557,510
ECG,1404713985561,510
ECG,1404713985565,511
ECG,1404713985569,512
ECG,1404713985573,512
ECG,1404713985577,512
ECG,1404713985581,513
ECG,1404713985585,513
ECG,1404713985589,514
ECG,1404713985593,514
ECG,1404713985597,515
ECG,1404713985601,515
ECG,1404713985605,515
ECG,1404713985604,515
ECG,1404713985608,515
ECG,1404713985612,516
ECG,1404713985616,516
ECG,1404713985620,516
ECG,1404713985624,515
ECG,1404713985628,515
ECG,1404713985632,514
ECG,1404713985636,513
ECG,1404713985640,512
ECG,1404713985644,511
ECG,1404713985648,509
ECG,1404713985652,508
ECG,1404713985656,507
ECG,1404713985660,506
ECG,1404713985664,506
ECG,1404713985668,506
ECG,1404713985672,505
ECG,1404713985676,504
ECG,1404713985680,504
ECG,1404713985684,503
ECG,1404713985688,503
ECG,1404713985692,503
ECG,1404713985696,503
ECG,1404713985700,503
ECG,1404713985704,503
ECG,1404713985708,503
ECG,1404713985712,502
ECG,1404713985716,502
ECG,1404713985720,502
ECG,1404713985724,503
ECG,1404713985728,503
ECG,1404713985732,503
ECG,1404713985736,503
ECG,1404713985740,503
ECG,1404713985744,503
ECG,1404713985748,503
ECG,1404713985752,503
ECG,1404713985756,504
ECG,1404713985760,504
ECG,1404713985764,504
ECG,1404713985768,504
ECG,1404713985772,504
ECG,1404713985776,504
ECG,1404713985780,504
ECG,1404713985784,504
ECG,1404713985788,504
ECG,1404713985792,504
ECG,1404713985796,504
ECG,1404713985800,504
ECG,1404713985804,504
ECG,1404713985808,504
ECG,1404713985812,504
ECG,1404713985816,504
ECG,1404713985820,504
ECG,1404713985824,504
ECG,1404713985828,504
ECG,1404713985832,504
ECG,1404713985836,504
ECG,1404713985840,505
ECG,1404713985844,505
ECG,1404713985848,505
ECG,1404713985852,505
ECG,1404713985904,505
ECG,1404713985908,505
ECG,1404713985912,505
ECG,1404713985916,505
ECG,1404713985920,506
ECG,1404713985924,506
ECG,1404713985928,506
ECG,1404713985932,506
ECG,1404713985936,506
ECG,1404713985940,507
ECG,1404713985944,507
ECG,1404713985948,507
ECG,1404713985952,506
ECG,1404713985956,506
ECG,1404713985960,506
ECG,1404713985964,506
ECG,1404713985968,505
ECG,1404713985972,505
ECG,1404713985976,504
ECG,1404713985980,504
ECG,1404713985984,504
ECG,1404713985988,503
ECG,1404713985992,503
ECG,1404713985996,503
ECG,1404713986000,504
ECG,1404713986004,504
ECG,1404713986008,504
ECG,1404713986012,505
ECG,1404713986016,505
ECG,1404713986020,504
ECG,1404713986024,504
ECG,1404713986028,504
ECG,1404713986032,504
ECG,1404713986036,504
ECG,1404713986040,504
ECG,1404713986044,504
ECG,1404713986048,505
ECG,1404713986052,504
ECG,1404713986056,504
ECG,1404713986060,503
ECG,1404713986064,502
ECG,1404713986068,502
ECG,1404713986072,505
ECG,1404713986076,509
ECG,1404713986080,515
ECG,1404713986084,523
ECG,1404713986088,532
ECG,1404713986092,539
ECG,1404713986096,541
ECG,1404713986100,536
ECG,1404713986104,525
ECG,1404713986108,511
ECG,1404713986112,500
ECG,1404713986116,495
ECG,1404713986120,496
ECG,1404713986124,500
ECG,1404713986128,504
ECG,1404713986132,505
ECG,1404713986136,505
ECG,1404713986140,505
ECG,1404713986144,505
ECG,1404713986148,505
ECG,1404713986152,506
ECG,1404713986107,506
ECG,1404713986111,506
ECG,1404713986115,506
ECG,1404713986119,507
ECG,1404713986123,507
ECG,1404713986127,507
ECG,1404713986131,507
ECG,1404713986135,507
ECG,1404713986139,507
ECG,1404713986143,507
ECG,1404713986147,508
ECG,1404713986151,508
ECG,1404713986155,508
ECG,1404713986159,509
ECG,1404713986163,509
ECG,1404713986167,509
ECG,1404713986171,510
ECG,1404713986175,510
ECG,1404713986179,510
ECG,1404713986183,510
ECG,1404713986187,511
ECG,1404713986191,511
ECG,1404713986195,511
ECG,1404713986199,512
ECG,1404713986203,512
ECG,1404713986207,513
ECG,1404713986211,514
ECG,1404713986215,514
ECG,1404713986219,515
ECG,1404713986223,516
ECG,1404713986227,516
ECG,1404713986231,516
ECG,1404713986235,517
ECG,1404713986239,517
ECG,1404713986243,517
ECG,1404713986247,517
ECG,1404713986251,517
ECG,1404713986255,517
ECG,1404713986259,518
ECG,1404713986263,518
ECG,1404713986267,518
ECG,1404713986271,518
ECG,1404713986275,517
ECG,1404713986279,516
ECG,1404713986283,515
ECG,1404713986287,514
ECG,1404713986291,513
ECG,1404713986295,512
ECG,1404713986299,511
ECG,1404713986303,510
ECG,1404713986307,509
ECG,1404713986311,508
ECG,1404713986315,507
ECG,1404713986319,506
ECG,1404713986323,506
ECG,1404713986327,506
ECG,1404713986331,505
ECG,1404713986335,505
ECG,1404713986339,504
ECG,1404713986343,504
ECG,1404713986347,504
ECG,1404713986351,504
ECG,1404713986355,504
ECG,1404713986337,505
ECG,1404713986341,505
ECG,1404713986345,505
ECG,1404713986349,505
ECG,1404713986353,505
ECG,1404713986357,505
ECG,1404713986361,505
ECG,1404713986365,505
ECG,1404713986369,505
ECG,1404713986373,505
ECG,1404713986377,505
ECG,1404713986381,505
ECG,1404713986385,505
ECG,1404713986389,506
ECG,1404713986393,506
ECG,1404713986397,506
ECG,1404713986401,506
ECG,1404713986405,506
ECG,1404713986409,505
ECG,1404713986413,505
ECG,1404713986417,505
ECG,1404713986421,505
ECG,1404713986425,506
ECG,1404713986429,506
ECG,1404713986433,506
ECG,1404713986437,506
ECG,1404713986441,506
ECG,1404713986445,506
ECG,1404713986449,506
ECG,1404713986453,505
ECG,1404713986457,505
ECG,1404713986461,505
ECG,1404713986465,505
ECG,1404713986469,506
ECG,1404713986473,506
ECG,1404713986477,506
ECG,1404713986481,506
ECG,1404713986485,506
ECG,1404713986489,506
ECG,1404713986493,506
ECG,1404713986497,507
ECG,1404713986501,507
ECG,1404713986505,508
ECG,1404713986509,508
ECG,1404713986513,507
ECG,1404713986517,507
ECG,1404713986521,508
ECG,1404713986525,508
ECG,1404713986529,508
ECG,1404713986533,508
ECG,1404713986537,508
ECG,1404713986541,508
ECG,1404713986545,508
ECG,1404713986549,508
ECG,1404713986553,508
ECG,1404713986557,507
ECG,1404713986561,507
ECG,1404713986565,506
ECG,1404713986569,506
ECG,1404713986573,506
ECG,1404713986577,506
ECG,1404713986581,506
ECG,1404713986585,506
ECG,1404713986600,506
ECG,1404713986604,506
ECG,1404713986608,506
ECG,1404713986612,505
ECG,1404713986616,505
ECG,1404713986620,505
ECG,1404713986624,505
ECG,1404713986628,505
ECG,1404713986632,505
ECG,1404713986636,506
ECG,1404713986640,506
ECG,1404713986644,506
ECG,1404713986648,506
ECG,1404713986652,506
ECG,1404713986656,505
ECG,1404713986660,505
ECG,1404713986664,504
ECG,1404713986668,504
ECG,1404713986672,503
ECG,1404713986676,504
ECG,1404713986680,506
ECG,1404713986684,510
ECG,1404713986688,516
ECG,1404713986692,525
ECG,1404713986696,534
ECG,1404713986700,541
ECG,1404713986704,543
ECG,1404713986708,537
ECG,1404713986712,525
ECG,1404713986716,511
ECG,1404713986720,500
ECG,1404713986724,495
ECG,1404713986728,497
ECG,1404713986732,501
ECG,1404713986736,505
ECG,1404713986740,506
ECG,1404713986744,506
ECG,1404713986748,505
ECG,1404713986752,505
ECG,1404713986756,506
ECG,1404713986760,506
ECG,1404713986764,507
ECG,1404713986768,507
ECG,1404713986772,507
ECG,1404713986776,507
ECG,1404713986780,507
ECG,1404713986784,507
ECG,1404713986788,507
ECG,1404713986792,507
ECG,1404713986796,508
ECG,1404713986800,508
ECG,1404713986804,508
ECG,1404713986808,508
ECG,1404713986812,508
ECG,1404713986816,508
ECG,1404713986820,509
ECG,1404713986824,509
ECG,1404713986828,509
ECG,1404713986832,509
ECG,1404713986836,509
ECG,1404713986840,509
ECG,1404713986844,510
ECG,1404713986848,510
ECG,1404713986852,510
ECG,1404713986856,511
ECG,1404713986860,511
ECG,1404713986864,512
ECG,1404713986868,512
ECG,1404713986872,512
ECG,1404713986876,513
ECG,1404713986880,514
ECG,1404713986884,514
ECG,1404713986888,515
ECG,1404713986892,516
ECG,1404713986896,516
ECG,1404713986900,516
ECG,1404713986904,516
ECG,1404713986908,515
ECG,1404713986912,515
ECG,1404713986916,515
ECG,1404713986920,515
ECG,1404713986924,515
ECG,1404713986928,515
ECG,1404713986932,514
ECG,1404713986936,514
ECG,1404713986940,513
ECG,1404713986944,512
ECG,1404713986948,511
ECG,1404713986952,509
ECG,1404713986956,508
ECG,1404713986960,507
ECG,1404713986964,506
ECG,1404713986968,505
ECG,1404713986972,504
ECG,1404713986976,503
ECG,1404713986980,503
ECG,1404713986984,503
ECG,1404713986988,503
ECG,1404713986992,502
ECG,1404713986996,502
ECG,1404713987000,502
ECG,1404713987004,502
ECG,1404713987008,502
ECG,1404713987012,502
ECG,1404713987016,502
ECG,1404713987020,501
ECG,1404713987024,501
ECG,1404713987028,501
ECG,1404713987032,501
ECG,1404713987036,502
ECG,1404713987040,502
ECG,1404713987044,502
ECG,1404713987048,502
ECG,1404713987052,502
ECG,1404713987056,502
ECG,1404713987060,502
ECG,1404713987064,502
ECG,1404713987068,501
ECG,1404713987072,501
ECG,1404713987076,501
ECG,1404713987080,501
ECG,1404713987084,501
ECG,1404713987088,501
ECG,1404713987092,501
ECG,1404713987096,501
ECG,1404713987100,501
ECG,1404713987107,501
ECG,1404713987111,501
ECG,1404713987115,501
ECG,1404713987119,501
ECG,1404713987123,501
ECG,1404713987127,501
ECG,1404713987131,501
ECG,1404713987135,500
ECG,1404713987139,500
ECG,1404713987143,501
ECG,1404713987147,501
ECG,1404713987151,501
ECG,1404713987155,502
ECG,1404713987159,501
ECG,1404713987163,501
ECG,1404713987167,500
ECG,1404713987171,500
ECG,1404713987175,500
ECG,1404713987179,500
ECG,1404713987183,500
ECG,1404713987187,500
ECG,1404713987191,500
ECG,1404713987195,500
ECG,1404713987199,500
ECG,1404713987203,500
ECG,1404713987207,501
ECG,1404713987211,501
ECG,1404713987215,502
ECG,1404713987219,502
ECG,1404713987223,502
ECG,1404713987227,502
ECG,1404713987231,502
ECG,1404713987235,502
ECG,1404713987239,501
ECG,1404713987243,501
ECG,1404713987247,501
ECG,1404713987251,500
ECG,1404713987255,500
ECG,1404713987259,499
ECG,1404713987263,499
ECG,1404713987267,498
ECG,1404713987271,498
ECG,1404713987275,498
ECG,1404713987279,498
ECG,1404713987283,498
ECG,1404713987287,498
ECG,1404713987291,497
ECG,1404713987295,497
ECG,1404713987299,497
ECG,1404713987303,497
ECG,1404713987307,498
ECG,1404713987311,498
ECG,1404713987315,498
ECG,1404713987319,498
ECG,1404713987323,498
ECG,1404713987327,498
ECG,1404713987331,498
ECG,1404713987335,498
ECG,1404713987339,498
ECG,1404713987343,498
ECG,1404713987347,497
ECG,1404713987351,497
ECG,1404713987355,496
ECG,1404713987350,496
ECG,1404713987354,497
ECG,1404713987358,500
ECG,1404713987362,505
ECG,1404713987366,512
ECG,1404713987370,521
ECG,1404713987374,529
ECG,1404713987378,534
ECG,1404713987382,532
ECG,1404713987386,523
ECG,1404713987390,510
ECG,1404713987394,497
ECG,1404713987398,489
ECG,1404713987402,487
ECG,1404713987406,490
ECG,1404713987410,495
ECG,1404713987414,498
ECG,1404713987418,498
ECG,1404713987422,498
ECG,1404713987426,497
ECG,1404713987430,498
ECG,1404713987434,498
ECG,1404713987438,498
ECG,1404713987442,499
ECG,1404713987446,499
ECG,1404713987450,500
ECG,1404713987454,500
ECG,1404713987458,499
ECG,1404713987462,499
ECG,1404713987466,499
ECG,1404713987470,498
ECG,1404713987474,499
ECG,1404713987478,499
ECG,1404713987482,500
ECG,1404713987486,501
ECG,1404713987490,501
ECG,1404713987494,501
ECG,1404713987498,501
ECG,1404713987502,501
ECG,1404713987506,502
ECG,1404713987510,502
ECG,1404713987514,503
ECG,1404713987518,503
ECG,1404713987522,504
ECG,1404713987526,504
ECG,1404713987530,504
ECG,1404713987534,504
ECG,1404713987538,504
ECG,1404713987542,505
ECG,1404713987546,506
ECG,1404713987550,506
ECG,1404713987554,507
ECG,1404713987558,507
ECG,1404713987562,508
ECG,1404713987566,508
ECG,1404713987570,509
ECG,1404713987574,509
ECG,1404713987578,510
ECG,1404713987582,510
ECG,1404713987586,510
ECG,1404713987590,510
ECG,1404713987594,510
ECG,1404713987598,510
ECG,1404713987604,509
ECG,1404713987608,509
ECG,1404713987612,509
ECG,1404713987616,508
ECG,1404713987620,507
ECG,1404713987624,506
ECG,1404713987628,505
ECG,1404713987632,504
ECG,1404713987636,503
ECG,1404713987640,503
ECG,1404713987644,502
ECG,1404713987648,501
ECG,1404713987652,499
ECG,1404713987656,498
ECG,1404713987660,497
ECG,1404713987664,497
ECG,1404713987668,497
ECG,1404713987672,498
ECG,1404713987676,498
ECG,1404713987680,498
ECG,1404713987684,497
ECG,1404713987688,497
ECG,1404713987692,496
ECG,1404713987696,496
ECG,1404713987700,496
ECG,1404713987704,497
ECG,1404713987708,497
ECG,1404713987712,497
ECG,1404713987716,497
ECG,1404713987720,497
ECG,1404713987724,497
ECG,1404713987728,498
ECG,1404713987732,498
ECG,1404713987736,498
ECG,1404713987740,498
ECG,1404713987744,498
ECG,1404713987748,498
ECG,1404713987752,498
ECG,1404713987756,498
ECG,1404713987760,498
ECG,1404713987764,498
ECG,1404713987768,498
ECG,1404713987772,498
ECG,1404713987776,499
ECG,1404713987780,499
ECG,1404713987784,499
ECG,1404713987788,499
ECG,1404713987792,498
ECG,1404713987796,498
ECG,1404713987800,498
ECG,1404713987804,498
ECG,1404713987808,499
ECG,1404713987812,499
ECG,1404713987816,499
ECG,1404713987820,499
ECG,1404713987824,499
ECG,1404713987828,499
ECG,1404713987832,499
ECG,1404713987836,499
ECG,1404713987840,499
ECG,1404713987844,499
ECG,1404713987848,499
ECG,1404713987852,499
ECG,1404713987854,499
ECG,1404713987858,499
ECG,1404713987862,499
ECG,1404713987866,499
ECG,1404713987870,499
ECG,1404713987874,500
ECG,1404713987878,500
ECG,1404713987882,500
ECG,1404713987886,501
ECG,1404713987890,501
ECG,1404713987894,501
ECG,1404713987898,501
ECG,1404713987902,502
ECG,1404713987906,502
ECG,1404713987910,502
ECG,1404713987914,502
ECG,1404713987918,501
ECG,1404713987922,501
ECG,1404713987926,500
ECG,1404713987930,500
ECG,1404713987934,500
ECG,1404713987938,501
ECG,1404713987942,500
ECG,1404713987946,500
ECG,1404713987950,500
ECG,1404713987954,499
ECG,1404713987958,499
ECG,1404713987962,499
ECG,1405098850096,504
ECG,1405098850100,504
ECG,1405098850104,503
ECG,1405098850108,503
ECG,1405098850112,503
ECG,1405098850116,504
ECG,1405098850120,504
ECG,1405098850124,504
ECG,1405098850128,503
ECG,1405098850132,503
ECG,1405098850136,503
ECG,1405098850140,503
ECG,1405098850144,503
ECG,1405098850148,503
ECG,1405098850152,505
ECG,1405098850156,506
ECG,1405098850160,506
ECG,1405098850164,505
ECG,1405098850168,504
ECG,1405098850172,503
ECG,1405098850176,503
ECG,1405098850180,504
ECG,1405098850184,506
ECG,1405098850188,506
ECG,1405098850193,506
ECG,1405098850197,506
ECG,1405098850201,506
ECG,1405098850205,507
ECG,1405098850209,507
ECG,1405098850213,508
ECG,1405098850217,508
ECG,1405098850221,508
ECG,1405098850225,508
ECG,1405098850229,509
ECG,1405098850233,509
ECG,1405098850237,509
ECG,1405098850241,509
ECG,1405098850245,508
ECG,1405098850249,507
ECG,1405098850253,507
ECG,1405098850257,507
ECG,1405098850261,506
ECG,1405098850265,505
ECG,1405098850269,504
ECG,1405098850273,504
ECG,1405098850277,504
ECG,1405098850281,504
ECG,1405098850285,503
ECG,1405098850289,503
ECG,1405098850293,503
ECG,1405098850297,503
ECG,1405098850301,504
ECG,1405098850305,504
ECG,1405098850309,505
ECG,1405098850313,505
ECG,1405098850317,505
ECG,1405098850321,504
ECG,1405098850325,504
ECG,1405098850329,503
ECG,1405098850333,503
ECG,1405098850337,503
ECG,1405098850341,503
ECG,1405098850345,502
ECG,1405098850349,500
ECG,1405098850353,500
ECG,1405098850357,502
ECG,1405098850361,507
ECG,1405098850365,515
ECG,1405098850369,526
ECG,1405098850373,539
ECG,1405098850377,549
ECG,1405098850381,551
ECG,1405098850385,544
ECG,1405098850389,527
ECG,1405098850393,508
ECG,1405098850397,494
ECG,1405098850401,489
ECG,1405098850405,493
ECG,1405098850409,500
ECG,1405098850413,506
ECG,1405098850417,508
ECG,1405098850421,507
ECG,1405098850425,506
ECG,1405098850429,506
ECG,1405098850433,507
ECG,1405098850437,507
ECG,1405098850441,508
ECG,1405098850442,508
ECG,1405098850446,508
ECG,1405098850450,508
ECG,1405098850454,508
ECG,1405098850458,508
ECG,1405098850462,508
ECG,1405098850466,508
ECG,1405098850470,508
ECG,1405098850474,509
ECG,1405098850478,510
ECG,1405098850482,511
ECG,1405098850486,512
ECG,1405098850490,512
ECG,1405098850494,513
ECG,1405098850498,513
ECG,1405098850502,513
ECG,1405098850506,513
ECG,1405098850510,514
ECG,1405098850514,515
ECG,1405098850518,516
ECG,1405098850522,516
ECG,1405098850526,515
ECG,1405098850530,515
ECG,1405098850534,516
ECG,1405098850538,517
ECG,1405098850542,518
ECG,1405098850546,519
ECG,1405098850550,519
ECG,1405098850554,519
ECG,1405098850558,519
ECG,1405098850562,520
ECG,1405098850566,521
ECG,1405098850570,522
ECG,1405098850574,523
ECG,1405098850578,524
ECG,1405098850582,524
ECG,1405098850586,523
ECG,1405098850590,523
ECG,1405098850594,523
ECG,1405098850598,523
ECG,1405098850602,523
ECG,1405098850606,523
ECG,1405098850610,524
ECG,1405098850614,524
ECG,1405098850618,523
ECG,1405098850622,521
ECG,1405098850626,519
ECG,1405098850630,516
ECG,1405098850634,514
ECG,1405098850638,513
ECG,1405098850642,512
ECG,1405098850646,511
ECG,1405098850650,510
ECG,1405098850654,508
ECG,1405098850658,507
ECG,1405098850662,507
ECG,1405098850666,506
ECG,1405098850670,506
ECG,1405098850674,506
ECG,1405098850678,506
ECG,1405098850682,505
ECG,1405098850686,505
ECG,1405098850690,504
ECG,1405098850697,504
ECG,1405098850701,505
ECG,1405098850705,505
ECG,1405098850709,505
ECG,1405098850713,505
ECG,1405098850717,505
ECG,1405098850721,505
ECG,1405098850725,505
ECG,1405098850729,505
ECG,1405098850733,506
ECG,1405098850737,507
ECG,1405098850741,507
ECG,1405098850745,506
ECG,1405098850749,505
ECG,1405098850753,505
ECG,1405098850757,505
ECG,1405098850761,505
ECG,1405098850765,505
ECG,1405098850769,505
ECG,1405098850773,505
ECG,1405098850777,504
ECG,1405098850781,505
ECG,1405098850785,505
ECG,1405098850789,506
ECG,1405098850793,506
ECG,1405098850797,505
ECG,1405098850801,505
ECG,1405098850805,504
ECG,1405098850809,504
ECG,1405098850813,505
ECG,1405098850817,505
ECG,1405098850821,505
ECG,1405098850825,504
ECG,1405098850829,504
ECG,1405098850833,503
ECG,1405098850837,503
ECG,1405098850841,504
ECG,1405098850845,505
ECG,1405098850849,505
ECG,1405098850853,505
ECG,1405098850857,504
ECG,1405098850861,503
ECG,1405098850865,502
ECG,1405098850869,502
ECG,1405098850873,503
ECG,1405098850877,504
ECG,1405098850881,504
ECG,1405098850885,504
ECG,1405098850889,504
ECG,1405098850893,504
ECG,1405098850897,504
ECG,1405098850901,504
ECG,1405098850905,504
ECG,1405098850909,504
ECG,1405098850913,503
ECG,1405098850917,502
ECG,1405098850921,502
ECG,1405098850925,502
ECG,1405098850929,502
ECG,1405098850933,503
ECG,1405098850937,505
ECG,1405098850941,505
ECG,1405098850945,506
ECG,1405098850963,506
ECG,1405098850967,505
ECG,1405098850971,505
ECG,1405098850975,505
ECG,1405098850979,505
ECG,1405098850983,506
ECG,1405098850987,506
ECG,1405098850991,507
ECG,1405098850995,508
ECG,1405098850999,508
ECG,1405098851003,508
ECG,1405098851007,508
ECG,1405098851011,507
ECG,1405098851015,506
ECG,1405098851019,506
ECG,1405098851023,505
ECG,1405098851027,505
ECG,1405098851031,504
ECG,1405098851035,504
ECG,1405098851039,504
ECG,1405098851043,504
ECG,1405098851047,504
ECG,1405098851051,505
ECG,1405098851055,505
ECG,1405098851059,504
ECG,1405098851063,504
ECG,1405098851067,503
ECG,1405098851071,503
ECG,1405098851075,504
ECG,1405098851079,505
ECG,1405098851083,506
ECG,1405098851087,507
ECG,1405098851091,507
ECG,1405098851095,506
ECG,1405098851099,506
ECG,1405098851103,506
ECG,1405098851107,505
ECG,1405098851111,505
ECG,1405098851115,504
ECG,1405098851119,504
ECG,1405098851123,507
ECG,1405098851127,513
ECG,1405098851131,521
ECG,1405098851135,532
ECG,1405098851139,543
ECG,1405098851143,551
ECG,1405098851147,551
ECG,1405098851151,541
ECG,1405098851155,523
ECG,1405098851159,505
ECG,1405098851163,492
ECG,1405098851167,489
ECG,1405098851171,494
ECG,1405098851175,501
ECG,1405098851179,507
ECG,1405098851183,509
ECG,1405098851187,508
ECG,1405098851191,507
ECG,1405098851195,507
ECG,1405098851199,508
ECG,1405098851203,507
ECG,1405098851207,508
ECG,1405098851211,508
ECG,1405098851206,508
ECG,1405098851210,509
ECG,1405098851214,509
ECG,1405098851218,509
ECG,1405098851222,509
ECG,1405098851226,509
ECG,1405098851230,509
ECG,1405098851234,509
ECG,1405098851238,510
ECG,1405098851242,510
ECG,1405098851246,510
ECG,1405098851250,511
ECG,1405098851254,511
ECG,1405098851258,512
ECG,1405098851262,512
ECG,1405098851266,513
ECG,1405098851270,513
ECG,1405098851274,514
ECG,1405098851278,514
ECG,1405098851282,514
ECG,1405098851286,515
ECG,1405098851290,515
ECG,1405098851294,515
ECG,1405098851298,516
ECG,1405098851302,517
ECG,1405098851306,518
ECG,1405098851310,519
ECG,1405098851314,519
ECG,1405098851318,520
ECG,1405098851322,521
ECG,1405098851326,522
ECG,1405098851330,523
ECG,1405098851334,524
ECG,1405098851338,524
ECG,1405098851342,525
ECG,1405098851346,525
ECG,1405098851350,525
ECG,1405098851354,526
ECG,1405098851358,526
ECG,1405098851362,526
ECG,1405098851366,525
ECG,1405098851370,525
ECG,1405098851374,524
ECG,1405098851378,523
ECG,1405098851382,521
ECG,1405098851386,520
ECG,1405098851390,518
ECG,1405098851394,516
ECG,1405098851398,514
ECG,1405098851402,512
ECG,1405098851406,510
ECG,1405098851410,509
ECG,1405098851414,508
ECG,1405098851418,507
ECG,1405098851422,507
ECG,1405098851426,506
ECG,1405098851430,506
ECG,1405098851434,506
ECG,1405098851438,505
ECG,1405098851442,504
ECG,1405098851446,504
ECG,1405098851450,505
ECG,1405098851454,506
ECG,1405098851461,507
ECG,1405098851465,507
ECG,1405098851469,507
ECG,1405098851473,507
ECG,1405098851477,506
ECG,1405098851481,506
ECG,1405098851485,506
ECG,1405098851489,506
ECG,1405098851493,507
ECG,1405098851497,507
ECG,1405098851501,508
ECG,1405098851505,508
ECG,1405098851509,508
ECG,1405098851513,508
ECG,1405098851517,508
ECG,1405098851521,508
ECG,1405098851525,508
ECG,1405098851529,508
ECG,1405098851533,508
ECG,1405098851537,508
ECG,1405098851541,508
ECG,1405098851545,509
ECG,1405098851549,509
ECG,1405098851553,510
ECG,1405098851557,510
ECG,1405098851561,510
ECG,1405098851565,510
ECG,1405098851569,510
ECG,1405098851573,510
ECG,1405098851577,510
ECG,1405098851581,510
ECG,1405098851585,509
ECG,1405098851589,509
ECG,1405098851593,508
ECG,1405098851597,508
ECG,1405098851601,508
ECG,1405098851605,509
ECG,1405098851609,510
ECG,1405098851613,510
ECG,1405098851617,510
ECG,1405098851621,509
ECG,1405098851625,508
ECG,1405098851629,508
ECG,1405098851633,509
ECG,1405098851637,510
ECG,1405098851641,510
ECG,1405098851645,510
ECG,1405098851649,510
ECG,1405098851653,509
ECG,1405098851657,509
ECG,1405098851661,509
ECG,1405098851665,509
ECG,1405098851669,509
ECG,1405098851673,510
ECG,1405098851677,510
ECG,1405098851681,510
ECG,1405098851685,510
ECG,1405098851689,510
ECG,1405098851693,510
ECG,1405098851697,512
ECG,1405098851701,513
ECG,1405098851705,514
ECG,1405098851709,514
ECG,1405098851714,514
ECG,1405098851718,513
ECG,1405098851722,512
ECG,1405098851726,512
ECG,1405098851730,512
ECG,1405098851734,511
ECG,1405098851738,511
ECG,1405098851742,511
ECG,1405098851746,511
ECG,1405098851750,510
ECG,1405098851754,510
ECG,1405098851758,509
ECG,1405098851762,509
ECG,1405098851766,508
ECG,1405098851770,508
ECG,1405098851774,508
ECG,1405098851778,509
ECG,1405098851782,509
ECG,1405098851786,509
ECG,1405098851790,509
ECG,1405098851794,509
ECG,1405098851798,508
ECG,1405098851802,508
ECG,1405098851806,509
ECG,1405098851810,509
ECG,1405098851814,510
ECG,1405098851818,510
ECG,1405098851822,509
ECG,1405098851826,507
ECG,1405098851830,505
ECG,1405098851834,504
ECG,1405098851838,506
ECG,1405098851842,511
ECG,1405098851846,518
ECG,1405098851850,528
ECG,1405098851854,540
ECG,1405098851858,550
ECG,1405098851862,556
ECG,1405098851866,553
ECG,1405098851870,541
ECG,1405098851874,524
ECG,1405098851878,507
ECG,1405098851882,496
ECG,1405098851886,494
ECG,1405098851890,499
ECG,1405098851894,505
ECG,1405098851898,509
ECG,1405098851902,510
ECG,1405098851906,510
ECG,1405098851910,511
ECG,1405098851914,511
ECG,1405098851918,512
ECG,1405098851922,512
ECG,1405098851926,511
ECG,1405098851930,511
ECG,1405098851934,511
ECG,1405098851938,511
ECG,1405098851942,511
ECG,1405098851946,511
ECG,1405098851950,511
ECG,1405098851954,511
ECG,1405098851958,511
ECG,1405098851962,512
ECG,1405098851953,513
ECG,1405098851957,514
ECG,1405098851961,515
ECG,1405098851965,515
ECG,1405098851969,514
ECG,1405098851973,514
ECG,1405098851977,514
ECG,1405098851981,515
ECG,1405098851985,516
ECG,1405098851989,517
ECG,1405098851993,517
ECG,1405098851997,517
ECG,1405098852001,517
ECG,1405098852005,518
ECG,1405098852009,519
ECG,1405098852013,520
ECG,1405098852017,521
ECG,1405098852021,522
ECG,1405098852025,522
ECG,1405098852029,522
ECG,1405098852033,523
ECG,1405098852037,523
ECG,1405098852041,523
ECG,1405098852045,525
ECG,1405098852049,526
ECG,1405098852053,528
ECG,1405098852057,529
ECG,1405098852061,530
ECG,1405098852065,529
ECG,1405098852069,528
ECG,1405098852073,528
ECG,1405098852077,528
ECG,1405098852081,528
ECG,1405098852085,529
ECG,1405098852089,529
ECG,1405098852093,528
ECG,1405098852097,526
ECG,1405098852101,523
ECG,1405098852105,520
ECG,1405098852109,518
ECG,1405098852113,516
ECG,1405098852117,514
ECG,1405098852121,513
ECG,1405098852125,512
ECG,1405098852129,511
ECG,1405098852133,509
ECG,1405098852137,508
ECG,1405098852141,508
ECG,1405098852145,507
ECG,1405098852149,507
ECG,1405098852153,506
ECG,1405098852157,506
ECG,1405098852161,505
ECG,1405098852165,506
ECG,1405098852169,506
ECG,1405098852173,506
ECG,1405098852177,507
ECG,1405098852181,506
ECG,1405098852185,506
ECG,1405098852189,506
ECG,1405098852193,506
ECG,1405098852197,506
ECG,1405098852201,506
ECG,1405098852247,506
ECG,1405098852251,506
ECG,1405098852255,507
ECG,1405098852259,507
ECG,1405098852263,507
ECG,1405098852267,507
ECG,1405098852271,507
ECG,1405098852275,507
ECG,1405098852279,507
ECG,1405098852283,508
ECG,1405098852287,508
ECG,1405098852291,508
ECG,1405098852295,507
ECG,1405098852299,507
ECG,1405098852303,507
ECG,1405098852307,507
ECG,1405098852311,508
ECG,1405098852315,508
ECG,1405098852319,508
ECG,1405098852323,508
ECG,1405098852327,508
ECG,1405098852331,507
ECG,1405098852335,507
ECG,1405098852339,507
ECG,1405098852343,507
ECG,1405098852347,508
ECG,1405098852351,507
ECG,1405098852355,507
ECG,1405098852359,507
ECG,1405098852363,507
ECG,1405098852367,506
ECG,1405098852371,505
ECG,1405098852375,505
ECG,1405098852379,505
ECG,1405098852383,506
ECG,1405098852387,508
ECG,1405098852391,508
ECG,1405098852395,508
ECG,1405098852399,507
ECG,1405098852403,507
ECG,1405098852407,506
ECG,1405098852411,506
ECG,1405098852415,506
ECG,1405098852419,507
ECG,1405098852423,507
ECG,1405098852427,508
ECG,1405098852431,508
ECG,1405098852435,508
ECG,1405098852439,509
ECG,1405098852443,509
ECG,1405098852447,509
ECG,1405098852451,510
ECG,1405098852455,510
ECG,1405098852459,510
ECG,1405098852463,510
ECG,1405098852467,510
ECG,1405098852471,510
ECG,1405098852475,509
ECG,1405098852479,508
ECG,1405098852483,508
ECG,1405098852487,507
ECG,1405098852491,507
ECG,1405098852495,508
ECG,1405098852471,507
ECG,1405098852475,507
ECG,1405098852479,507
ECG,1405098852483,507
ECG,1405098852487,508
ECG,1405098852491,508
ECG,1405098852495,508
ECG,1405098852499,508
ECG,1405098852503,508
ECG,1405098852507,507
ECG,1405098852511,507
ECG,1405098852515,507
ECG,1405098852519,507
ECG,1405098852523,507
ECG,1405098852527,508
ECG,1405098852531,508
ECG,1405098852535,508
ECG,1405098852539,508
ECG,1405098852543,507
ECG,1405098852547,505
ECG,1405098852551,504
ECG,1405098852555,504
ECG,1405098852559,508
ECG,1405098852563,515
ECG,1405098852567,525
ECG,1405098852571,537
ECG,1405098852575,549
ECG,1405098852579,557
ECG,1405098852583,556
ECG,1405098852587,546
ECG,1405098852591,529
ECG,1405098852595,511
ECG,1405098852599,499
ECG,1405098852603,496
ECG,1405098852607,499
ECG,1405098852611,505
ECG,1405098852615,511
ECG,1405098852619,513
ECG,1405098852623,514
ECG,1405098852627,515
ECG,1405098852631,516
ECG,1405098852635,514
ECG,1405098852639,512
ECG,1405098852643,511
ECG,1405098852647,512
ECG,1405098852651,515
ECG,1405098852655,518
ECG,1405098852659,520
ECG,1405098852663,519
ECG,1405098852667,517
ECG,1405098852671,515
ECG,1405098852675,514
ECG,1405098852679,515
ECG,1405098852683,517
ECG,1405098852687,520
ECG,1405098852691,521
ECG,1405098852695,521
ECG,1405098852699,520
ECG,1405098852703,519
ECG,1405098852707,519
ECG,1405098852711,519
ECG,1405098852715,519
ECG,1405098852719,521
ECG,1405098852719,522
ECG,1405098852723,524
ECG,1405098852727,524
ECG,1405098852731,524
ECG,1405098852735,524
ECG,1405098852739,524
ECG,1405098852743,524
ECG,1405098852747,525
ECG,1405098852751,527
ECG,1405098852755,530
ECG,1405098852759,533
ECG,1405098852763,535
ECG,1405098852767,535
ECG,1405098852771,533
ECG,1405098852775,530
ECG,1405098852779,529
ECG,1405098852783,530
ECG,1405098852787,535
ECG,1405098852791,541
ECG,1405098852795,547
ECG,1405098852799,547
ECG,1405098852803,542
ECG,1405098852807,537
ECG,1405098852811,539
ECG,1405098852815,551
ECG,1405098852819,567
ECG,1405098852823,579
ECG,1405098852827,577
ECG,1405098852831,559
ECG,1405098852835,533
ECG,1405098852839,510
ECG,1405098852843,499
ECG,1405098852847,503
ECG,1405098852851,517
ECG,1405098852855,532
ECG,1405098852859,540
ECG,1405098852863,541
ECG,1405098852867,535
ECG,1405098852871,525
ECG,1405098852875,518
ECG,1405098852879,517
ECG,1405098852883,520
ECG,1405098852887,525
ECG,1405098852891,526
ECG,1405098852895,524
ECG,1405098852899,519
ECG,1405098852903,514
ECG,1405098852907,510
ECG,1405098852911,507
ECG,1405098852915,506
ECG,1405098852919,506
ECG,1405098852923,506
ECG,1405098852927,507
ECG,1405098852931,507
ECG,1405098852935,508
ECG,1405098852939,508
ECG,1405098852943,508
ECG,1405098852947,508
ECG,1405098852951,507
ECG,1405098852955,508
ECG,1405098852959,508
ECG,1405098852963,509
ECG,1405098852967,511
ECG,1405098852996,513
ECG,1405098853000,514
ECG,1405098853004,515
ECG,1405098853008,514
ECG,1405098853012,512
ECG,1405098853016,511
ECG,1405098853020,509
ECG,1405098853024,509
ECG,1405098853028,509
ECG,1405098853032,510
ECG,1405098853036,511
ECG,1405098853040,512
ECG,1405098853044,513
ECG,1405098853048,513
ECG,1405098853052,513
ECG,1405098853056,513
ECG,1405098853060,512
ECG,1405098853064,512
ECG,1405098853068,512
ECG,1405098853072,511
ECG,1405098853076,511
ECG,1405098853080,511
ECG,1405098853084,511
ECG,1405098853088,513
ECG,1405098853092,515
ECG,1405098853096,516
ECG,1405098853100,515
ECG,1405098853104,514
ECG,1405098853108,512
ECG,1405098853112,512
ECG,1405098853116,514
ECG,1405098853120,516
ECG,1405098853124,519
ECG,1405098853128,521
ECG,1405098853132,523
ECG,1405098853136,523
ECG,1405098853140,523
ECG,1405098853144,521
ECG,1405098853148,519
ECG,1405098853152,518
ECG,1405098853156,519
ECG,1405098853160,521
ECG,1405098853164,524
ECG,1405098853168,525
ECG,1405098853172,525
ECG,1405098853176,524
ECG,1405098853180,521
ECG,1405098853184,517
ECG,1405098853188,514
ECG,1405098853192,511
ECG,1405098853196,508
ECG,1405098853200,507
ECG,1405098853204,507
ECG,1405098853208,507
ECG,1405098853212,507
ECG,1405098853216,507
ECG,1405098853220,506
ECG,1405098853224,507
ECG,1405098853228,509
ECG,1405098853232,511
ECG,1405098853236,513
ECG,1405098853240,514
ECG,1405098853244,513
ECG,1405098853221,510
ECG,1405098853225,508
ECG,1405098853229,506
ECG,1405098853233,506
ECG,1405098853237,507
ECG,1405098853241,508
ECG,1405098853245,508
ECG,1405098853249,508
ECG,1405098853253,507
ECG,1405098853257,505
ECG,1405098853261,503
ECG,1405098853265,502
ECG,1405098853269,505
ECG,1405098853273,511
ECG,1405098853277,520
ECG,1405098853281,531
ECG,1405098853285,543
ECG,1405098853289,552
ECG,1405098853293,552
ECG,1405098853297,543
ECG,1405098853301,526
ECG,1405098853305,508
ECG,1405098853309,495
ECG,1405098853313,491
ECG,1405098853317,495
ECG,1405098853321,501
ECG,1405098853325,506
ECG,1405098853329,508
ECG,1405098853333,508
ECG,1405098853337,507
ECG,1405098853341,508
ECG,1405098853345,508
ECG,1405098853349,509
ECG,1405098853353,509
ECG,1405098853357,509
ECG,1405098853361,509
ECG,1405098853365,509
ECG,1405098853369,509
ECG,1405098853373,510
ECG,1405098853377,511
ECG,1405098853381,511
ECG,1405098853385,511
ECG,1405098853389,511
ECG,1405098853393,511
ECG,1405098853397,511
ECG,1405098853401,511
ECG,1405098853405,512
ECG,1405098853409,512
ECG,1405098853413,512
ECG,1405098853417,513
ECG,1405098853421,514
ECG,1405098853425,515
ECG,1405098853429,515
ECG,1405098853433,516
ECG,1405098853437,515
ECG,1405098853441,515
ECG,1405098853445,515
ECG,1405098853449,516
ECG,1405098853453,517
ECG,1405098853457,519
ECG,1405098853461,520
ECG,1405098853465,521
ECG,1405098853469,522
ECG,1405098853473,523
ECG,1405098853477,523
ECG,1405098853481,523
ECG,1405098853485,523
ECG,1405098853489,524
ECG,1405098853493,525
ECG,1405098853497,525
ECG,1405098853501,526
ECG,1405098853505,526
ECG,1405098853509,526
ECG,1405098853513,526
ECG,1405098853517,527
ECG,1405098853521,527
ECG,1405098853525,528
ECG,1405098853529,528
ECG,1405098853533,527
ECG,1405098853537,526
ECG,1405098853541,524
ECG,1405098853545,522
ECG,1405098853549,519
ECG,1405098853553,517
ECG,1405098853557,515
ECG,1405098853561,513
ECG,1405098853565,512
ECG,1405098853569,512
ECG,1405098853573,511
ECG,1405098853577,511
ECG,1405098853581,510
ECG,1405098853585,509
ECG,1405098853589,509
ECG,1405098853593,508
ECG,1405098853597,507
ECG,1405098853601,507
ECG,1405098853605,508
ECG,1405098853609,508
ECG,1405098853613,508
ECG,1405098853617,508
ECG,1405098853621,509
ECG,1405098853625,509
ECG,1405098853629,509
ECG,1405098853633,508
ECG,1405098853637,508
ECG,1405098853641,507
ECG,1405098853645,507
ECG,1405098853649,508
ECG,1405098853653,509
ECG,1405098853657,510
ECG,1405098853661,510
ECG,1405098853665,510
ECG,1405098853669,510
ECG,1405098853673,510
ECG,1405098853677,510
ECG,1405098853681,510
ECG,1405098853685,511
ECG,1405098853689,511
ECG,1405098853693,511
ECG,1405098853697,510
ECG,1405098853701,509
ECG,1405098853705,509
ECG,1405098853709,509
ECG,1405098853713,509
ECG,1405098853717,510
ECG,1405098853721,511
ECG,1405098853749,511
ECG,1405098853753,511
ECG,1405098853757,510
ECG,1405098853761,510
ECG,1405098853765,509
ECG,1405098853769,509
ECG,1405098853773,510
ECG,1405098853777,510
ECG,1405098853781,510
ECG,1405098853785,509
ECG,1405098853789,509
ECG,1405098853793,509
ECG,1405098853797,510
ECG,1405098853801,510
ECG,1405098853805,511
ECG,1405098853809,510
ECG,1405098853813,510
ECG,1405098853817,509
ECG,1405098853821,509
ECG,1405098853825,509
ECG,1405098853829,510
ECG,1405098853833,510
ECG,1405098853837,510
ECG,1405098853841,510
ECG,1405098853845,511
ECG,1405098853849,512
ECG,1405098853853,513
ECG,1405098853857,513
ECG,1405098853861,513
ECG,1405098853865,512
ECG,1405098853869,512
ECG,1405098853873,512
ECG,1405098853877,512
ECG,1405098853881,513
ECG,1405098853885,513
ECG,1405098853889,513
ECG,1405098853893,513
ECG,1405098853897,512
ECG,1405098853901,511
ECG,1405098853905,510
ECG,1405098853909,510
ECG,1405098853913,510
ECG,1405098853917,510
ECG,1405098853921,510
ECG,1405098853925,510
ECG,1405098853929,509
ECG,1405098853933,509
ECG,1405098853937,509
ECG,1405098853941,510
ECG,1405098853945,510
ECG,1405098853949,510
ECG,1405098853953,510
ECG,1405098853957,509
ECG,1405098853961,509
ECG,1405098853965,510
ECG,1405098853969,510
ECG,1405098853973,511
ECG,1405098853977,511
ECG,1405098853981,511
ECG,1405098853985,511
ECG,1405098853989,510
ECG,1405098853993,509
ECG,1405098853997,508
ECG,1405098853986,509
ECG,1405098853990,512
ECG,1405098853994,519
ECG,1405098853998,529
ECG,1405098854002,541
ECG,1405098854006,552
ECG,1405098854010,558
ECG,1405098854014,556
ECG,1405098854018,544
ECG,1405098854022,525
ECG,1405098854026,508
ECG,1405098854030,497
ECG,1405098854034,496
ECG,1405098854038,501
ECG,1405098854042,508
ECG,1405098854046,512
ECG,1405098854050,513
ECG,1405098854054,512
ECG,1405098854058,512
ECG,1405098854062,512
ECG,1405098854066,512
ECG,1405098854070,512
ECG,1405098854074,512
ECG,1405098854078,513
ECG,1405098854082,513
ECG,1405098854086,514
ECG,1405098854090,515
ECG,1405098854094,516
ECG,1405098854098,516
ECG,1405098854102,516
ECG,1405098854106,515
ECG,1405317397426,510
ECG,1405317397430,511
ECG,1405317397434,512
ECG,1405317397438,511
ECG,1405317397442,510
ECG,1405317397446,508
ECG,1405317397450,507
ECG,1405317397454,506
ECG,1405317397458,506
ECG,1405317397462,507
ECG,1405317397466,509
ECG,1405317397470,511
ECG,1405317397474,512
ECG,1405317397478,512
ECG,1405317397482,512
ECG,1405317397486,510
ECG,1405317397490,508
ECG,1405317397494,507
ECG,1405317397498,507
ECG,1405317397502,509
ECG,1405317397506,511
ECG,1405317397510,512
ECG,1405317397514,513
ECG,1405317397488,513
ECG,1405317397492,512
ECG,1405317397496,510
ECG,1405317397500,509
ECG,1405317397504,508
ECG,1405317397508,509
ECG,1405317397512,511
ECG,1405317397516,514
ECG,1405317397520,517
ECG,1405317397524,518
ECG,1405317397528,518
ECG,1405317397532,516
ECG,1405317397536,514
ECG,1405317397540,512
ECG,1405317397544,512
ECG,1405317397548,512
ECG,1405317397552,513
ECG,1405317397556,514
ECG,1405317397560,514
ECG,1405317397564,514
ECG,1405317397568,513
ECG,1405317397572,513
ECG,1405317397576,512
ECG,1405317397580,511
ECG,1405317397584,510
ECG,1405317397588,510
ECG,1405317397592,509
ECG,1405317397596,509
ECG,1405317397600,509
ECG,1405317397604,509
ECG,1405317397608,508
ECG,1405317397612,508
ECG,1405317397616,507
ECG,1405317397620,506
ECG,1405317397624,506
ECG,1405317397628,506
ECG,1405317397632,506
ECG,1405317397636,506
ECG,1405317397640,506
ECG,1405317397644,506
ECG,1405317397648,505
ECG,1405317397652,505
ECG,1405317397656,505
ECG,1405317397660,506
ECG,1405317397664,506
ECG,1405317397668,506
ECG,1405317397672,506
ECG,1405317397676,506
ECG,1405317397680,506
ECG,1405317397684,507
ECG,1405317397688,507
ECG,1405317397692,507
ECG,1405317397696,507
ECG,1405317397700,506
ECG,1405317397704,506
ECG,1405317397708,507
ECG,1405317397712,507
ECG,1405317397716,508
ECG,1405317397720,508
ECG,1405317397724,508
ECG,1405317397728,508
ECG,1405317397732,508
ECG,1405317397736,508
ECG,1405317397754,507
ECG,1405317397758,507
ECG,1405317397762,507
ECG,1405317397766,507
ECG,1405317397770,507
ECG,1405317397774,508
ECG,1405317397778,508
ECG,1405317397782,508
ECG,1405317397786,508
ECG,1405317397790,507
ECG,1405317397794,506
ECG,1405317397798,506
ECG,1405317397802,506
ECG,1405317397806,507
ECG,1405317397810,507
ECG,1405317397814,508
ECG,1405317397818,508
ECG,1405317397822,508
ECG,1405317397826,508
ECG,1405317397830,507
ECG,1405317397834,507
ECG,1405317397838,507
ECG,1405317397842,507
ECG,1405317397846,507
ECG,1405317397850,507
ECG,1405317397854,507
ECG,1405317397858,507
ECG,1405317397862,508
ECG,1405317397866,507
ECG,1405317397870,507
ECG,1405317397874,506
ECG,1405317397878,506
ECG,1405317397882,507
ECG,1405317397886,507
ECG,1405317397890,508
ECG,1405317397894,508
ECG,1405317397898,507
ECG,1405317397902,507
ECG,1405317397906,507
ECG,1405317397910,507
ECG,1405317397914,508
ECG,1405317397918,508
ECG,1405317397922,508
ECG,1405317397926,508
ECG,1405317397930,508
ECG,1405317397934,508
ECG,1405317397938,508
ECG,1405317397942,507
ECG,1405317397946,507
ECG,1405317397950,506
ECG,1405317397954,506
ECG,1405317397958,506
ECG,1405317397962,507
ECG,1405317397966,507
ECG,1405317397970,508
ECG,1405317397974,508
ECG,1405317397978,508
ECG,1405317397982,508
ECG,1405317397986,508
ECG,1405317397990,507
ECG,1405317397994,507
ECG,1405317397998,508
ECG,1405317398002,508
ECG,1405317398006,508
ECG,1405317398010,509
ECG,1405317398014,508
ECG,1405317398018,508
ECG,1405317398022,507
ECG,1405317398026,507
ECG,1405317398030,506
ECG,1405317398034,507
ECG,1405317398038,509
ECG,1405317398042,513
ECG,1405317398046,519
ECG,1405317398050,527
ECG,1405317398054,535
ECG,1405317398058,540
ECG,1405317398062,539
ECG,1405317398066,532
ECG,1405317398070,520
ECG,1405317398074,509
ECG,1405317398078,501
ECG,1405317398082,499
ECG,1405317398086,501
ECG,1405317398090,505
ECG,1405317398094,508
ECG,1405317398098,508
ECG,1405317398102,508
ECG,1405317398106,507
ECG,1405317398110,507
ECG,1405317398114,507
ECG,1405317398118,507
ECG,1405317398122,507
ECG,1405317398126,507
ECG,1405317398130,508
ECG,1405317398134,508
ECG,1405317398138,509
ECG,1405317398142,509
ECG,1405317398146,509
ECG,1405317398150,508
ECG,1405317398154,508
ECG,1405317398158,508
ECG,1405317398162,508
ECG,1405317398166,508
ECG,1405317398170,509
ECG,1405317398174,509
ECG,1405317398178,509
ECG,1405317398182,509
ECG,1405317398186,509
ECG,1405317398190,509
ECG,1405317398194,509
ECG,1405317398198,509
ECG,1405317398202,510
ECG,1405317398206,510
ECG,1405317398210,510
ECG,1405317398214,510
ECG,1405317398218,511
ECG,1405317398222,511
ECG,1405317398226,511
ECG,1405317398230,511
ECG,1405317398234,511
ECG,1405317398238,511
ECG,1405317398242,511
ECG,1405317398246,512
ECG,1405317398250,513
ECG,1405317398254,514
ECG,1405317398254,514
ECG,1405317398258,514
ECG,1405317398262,514
ECG,1405317398266,513
ECG,1405317398270,513
ECG,1405317398274,513
ECG,1405317398278,513
ECG,1405317398282,514
ECG,1405317398286,514
ECG,1405317398290,514
ECG,1405317398294,514
ECG,1405317398298,514
ECG,1405317398302,513
ECG,1405317398306,513
ECG,1405317398310,512
ECG,1405317398314,511
ECG,1405317398318,510
ECG,1405317398322,510
ECG,1405317398326,510
ECG,1405317398330,510
ECG,1405317398334,509
ECG,1405317398338,508
ECG,1405317398342,508
ECG,1405317398346,507
ECG,1405317398350,507
ECG,1405317398354,507
ECG,1405317398358,506
ECG,1405317398362,506
ECG,1405317398366,506
ECG,1405317398370,506
ECG,1405317398374,506
ECG,1405317398378,506
ECG,1405317398382,506
ECG,1405317398386,506
ECG,1405317398390,506
ECG,1405317398394,507
ECG,1405317398398,508
ECG,1405317398402,508
ECG,1405317398406,508
ECG,1405317398410,508
ECG,1405317398414,507
ECG,1405317398418,507
ECG,1405317398422,506
ECG,1405317398426,506
ECG,1405317398430,506
ECG,1405317398434,506
ECG,1405317398438,506
ECG,1405317398442,506
ECG,1405317398446,506
ECG,1405317398450,507
ECG,1405317398454,508
ECG,1405317398458,508
ECG,1405317398462,508
ECG,1405317398466,507
ECG,1405317398470,507
ECG,1405317398474,507
ECG,1405317398478,507
ECG,1405317398482,507
ECG,1405317398486,507
ECG,1405317398490,507
ECG,1405317398494,507
ECG,1405317398498,506
ECG,1405317398502,506
ECG,1405317398504,506
ECG,1405317398508,506
ECG,1405317398512,506
ECG,1405317398516,507
ECG,1405317398520,507
ECG,1405317398524,507
ECG,1405317398528,507
ECG,1405317398532,506
ECG,1405317398536,506
ECG,1405317398540,506
ECG,1405317398544,507
ECG,1405317398548,507
ECG,1405317398552,507
ECG,1405317398556,507
ECG,1405317398560,506
ECG,1405317398564,505
ECG,1405317398568,504
ECG,1405317398572,504
ECG,1405317398576,504
ECG,1405317398580,505
ECG,1405317398584,506
ECG,1405317398588,507
ECG,1405317398592,507
ECG,1405317398596,506
ECG,1405317398600,505
ECG,1405317398604,505
ECG,1405317398608,504
ECG,1405317398612,504
ECG,1405317398616,505
ECG,1405317398620,505
ECG,1405317398624,506
ECG,1405317398628,506
ECG,1405317398632,506
ECG,1405317398636,505
ECG,1405317398640,505
ECG,1405317398644,505
ECG,1405317398648,505
ECG,1405317398652,505
ECG,1405317398656,505
ECG,1405317398660,505
ECG,1405317398664,505
ECG,1405317398668,505
ECG,1405317398672,505
ECG,1405317398676,506
ECG,1405317398680,506
ECG,1405317398684,506
ECG,1405317398688,505
ECG,1405317398692,505
ECG,1405317398696,504
ECG,1405317398700,504
ECG,1405317398704,505
ECG,1405317398708,505
ECG,1405317398712,506
ECG,1405317398716,505
ECG,1405317398720,505
ECG,1405317398724,504
ECG,1405317398728,503
ECG,1405317398732,504
ECG,1405317398736,506
ECG,1405317398740,509
ECG,1405317398744,514
ECG,1405317398748,521
ECG,1405317398752,529
ECG,1405317398755,535
ECG,1405317398759,537
ECG,1405317398763,533
ECG,1405317398767,523
ECG,1405317398771,512
ECG,1405317398775,502
ECG,1405317398779,497
ECG,1405317398783,497
ECG,1405317398787,500
ECG,1405317398791,504
ECG,1405317398795,505
ECG,1405317398799,505
ECG,1405317398803,505
ECG,1405317398807,505
ECG,1405317398811,505
ECG,1405317398815,506
ECG,1405317398819,506
ECG,1405317398823,506
ECG,1405317398827,506
ECG,1405317398831,506
ECG,1405317398835,506
ECG,1405317398839,506
ECG,1405317398843,506
ECG,1405317398847,506
ECG,1405317398851,506
ECG,1405317398855,506
ECG,1405317398859,506
ECG,1405317398863,506
ECG,1405317398867,507
ECG,1405317398871,507
ECG,1405317398875,507
ECG,1405317398879,507
ECG,1405317398883,507
ECG,1405317398887,508
ECG,1405317398891,508
ECG,1405317398895,508
ECG,1405317398899,508
ECG,1405317398903,508
ECG,1405317398907,508
ECG,1405317398911,508
ECG,1405317398915,509
ECG,1405317398919,509
ECG,1405317398923,510
ECG,1405317398927,510
ECG,1405317398931,510
ECG,1405317398935,511
ECG,1405317398939,511
ECG,1405317398943,511
ECG,1405317398947,511
ECG,1405317398951,511
ECG,1405317398955,512
ECG,1405317398959,512
ECG,1405317398963,512
ECG,1405317398967,512
ECG,1405317398971,513
ECG,1405317398975,513
ECG,1405317398979,513
ECG,1405317398983,513
ECG,1405317398987,512
ECG,1405317398991,512
ECG,1405317398995,512
ECG,1405317398999,513
ECG,1405317399003,513
ECG,1405317399006,513
ECG,1405317399010,512
ECG,1405317399014,511
ECG,1405317399018,510
ECG,1405317399022,509
ECG,1405317399026,508
ECG,1405317399030,507
ECG,1405317399034,507
ECG,1405317399038,507
ECG,1405317399042,507
ECG,1405317399046,507
ECG,1405317399050,507
ECG,1405317399054,507
ECG,1405317399058,506
ECG,1405317399062,506
ECG,1405317399066,506
ECG,1405317399070,506
ECG,1405317399074,506
ECG,1405317399078,506
ECG,1405317399082,506
ECG,1405317399086,506
ECG,1405317399090,506
ECG,1405317399094,506
ECG,1405317399098,506
ECG,1405317399102,506
ECG,1405317399106,506
ECG,1405317399110,506
ECG,1405317399114,506
ECG,1405317399118,506
ECG,1405317399122,507
ECG,1405317399126,507
ECG,1405317399130,507
ECG,1405317399134,507
ECG,1405317399138,506
ECG,1405317399142,506
ECG,1405317399146,507
ECG,1405317399150,507
ECG,1405317399154,507
ECG,1405317399158,507
ECG,1405317399162,507
ECG,1405317399166,507
ECG,1405317399170,507
ECG,1405317399174,507
ECG,1405317399178,507
ECG,1405317399182,507
ECG,1405317399186,506
ECG,1405317399190,506
ECG,1405317399194,506
ECG,1405317399198,506
ECG,1405317399202,507
ECG,1405317399206,507
ECG,1405317399210,507
ECG,1405317399214,507
ECG,1405317399218,506
ECG,1405317399222,506
ECG,1405317399226,506
ECG,1405317399230,506
ECG,1405317399234,506
ECG,1405317399238,506
ECG,1405317399242,506
ECG,1405317399246,506
ECG,1405317399250,506
ECG,1405317399254,506
ECG,1405317399255,506
ECG,1405317399259,506
ECG,1405317399263,507
ECG,1405317399267,508
ECG,1405317399271,508
ECG,1405317399275,507
ECG,1405317399279,506
ECG,1405317399283,506
ECG,1405317399287,506
ECG,1405317399291,507
ECG,1405317399295,507
ECG,1405317399299,507
ECG,1405317399303,506
ECG,1405317399307,506
ECG,1405317399311,505
ECG,1405317399315,505
ECG,1405317399319,506
ECG,1405317399323,506
ECG,1405317399327,507
ECG,1405317399331,507
ECG,1405317399335,507
ECG,1405317399339,506
ECG,1405317399343,506
ECG,1405317399347,506
ECG,1405317399351,506
ECG,1405317399355,506
ECG,1405317399359,506
ECG,1405317399363,506
ECG,1405317399367,506
ECG,1405317399371,506
ECG,1405317399375,506
ECG,1405317399379,506
ECG,1405317399383,506
ECG,1405317399387,506
ECG,1405317399391,506
ECG,1405317399395,507
ECG,1405317399399,507
ECG,1405317399403,507
ECG,1405317399407,507
ECG,1405317399411,507
ECG,1405317399415,507
ECG,1405317399419,507
ECG,1405317399423,507
ECG,1405317399427,506
ECG,1405317399431,506
ECG,1405317399435,507
ECG,1405317399439,509
ECG,1405317399443,512
ECG,1405317399447,517
ECG,1405317399451,523
ECG,1405317399455,530
ECG,1405317399459,535
ECG,1405317399463,537
ECG,1405317399467,533
ECG,1405317399471,524
ECG,1405317399475,512
ECG,1405317399479,503
ECG,1405317399483,499
ECG,1405317399487,499
ECG,1405317399491,502
ECG,1405317399495,505
ECG,1405317399499,507
ECG,1405317399503,507
ECG,1405317399526,507
ECG,1405317399530,507
ECG,1405317399534,506
ECG,1405317399538,506
ECG,1405317399542,506
ECG,1405317399546,506
ECG,1405317399550,506
ECG,1405317399554,506
ECG,1405317399558,507
ECG,1405317399562,507
ECG,1405317399566,507
ECG,1405317399570,507
ECG,1405317399574,507
ECG,1405317399578,506
ECG,1405317399582,506
ECG,1405317399586,506
ECG,1405317399590,507
ECG,1405317399594,507
ECG,1405317399598,508
ECG,1405317399602,508
ECG,1405317399606,508
ECG,1405317399610,508
ECG,1405317399614,508
ECG,1405317399618,508
ECG,1405317399622,509
ECG,1405317399626,509
ECG,1405317399630,509
ECG,1405317399634,510
ECG,1405317399638,510
ECG,1405317399642,509
ECG,1405317399646,510
ECG,1405317399650,510
ECG,1405317399654,510
ECG,1405317399658,510
ECG,1405317399662,511
ECG,1405317399666,511
ECG,1405317399670,511
ECG,1405317399674,511
ECG,1405317399678,512
ECG,1405317399682,512
ECG,1405317399686,513
ECG,1405317399690,513
ECG,1405317399694,513
ECG,1405317399698,513
ECG,1405317399702,513
ECG,1405317399706,512
ECG,1405317399710,512
ECG,1405317399714,512
ECG,1405317399718,513
ECG,1405317399722,513
ECG,1405317399726,513
ECG,1405317399730,512
ECG,1405317399734,511
ECG,1405317399738,511
ECG,1405317399742,510
ECG,1405317399746,510
ECG,1405317399750,510
ECG,1405317399754,510
ECG,1405317399758,509
ECG,1405317399762,508
ECG,1405317399766,507
ECG,1405317399770,507
ECG,1405317399774,506
ECG,1405317399767,506
ECG,1405317399771,506
ECG,1405317399775,506
ECG,1405317399779,506
ECG,1405317399783,506
ECG,1405317399787,506
ECG,1405317399791,506
ECG,1405317399795,506
ECG,1405317399799,506
ECG,1405317399803,506
ECG,1405317399807,506
ECG,1405317399811,506
ECG,1405317399815,506
ECG,1405317399819,506
ECG,1405317399823,507
ECG,1405317399827,507
ECG,1405317399831,507
ECG,1405317399835,507
ECG,1405317399839,507
ECG,1405317399843,507
ECG,1405317399847,506
ECG,1405317399851,506
ECG,1405317399855,506
ECG,1405317399859,507
ECG,1405317399863,507
ECG,1405317399867,507
ECG,1405317399871,507
ECG,1405317399875,507
ECG,1405317399879,507
ECG,1405317399883,507
ECG,1405317399887,507
ECG,1405317399891,507
ECG,1405317399895,507
ECG,1405317399899,507
ECG,1405317399903,507
ECG,1405317399907,508
ECG,1405317399911,508
ECG,1405317399915,508
ECG,1405317399919,507
ECG,1405317399923,507
ECG,1405317399927,507
ECG,1405317399931,507
ECG,1405317399935,507
ECG,1405317399939,507
ECG,1405317399943,507
ECG,1405317399947,507
ECG,1405317399951,508
ECG,1405317399955,508
ECG,1405317399959,508
ECG,1405317399963,508
ECG,1405317399967,508
ECG,1405317399971,508
ECG,1405317399975,508
ECG,1405317399979,507
ECG,1405317399983,507
ECG,1405317399987,507
ECG,1405317399991,508
ECG,1405317399995,508
ECG,1405317399999,509
ECG,1405317400003,509
ECG,1405317400007,509
ECG,1405317400011,508
ECG,1405317400015,508
ECG,1405317400007,507
ECG,1405317400011,507
ECG,1405317400015,508
ECG,1405317400019,508
ECG,1405317400023,509
ECG,1405317400027,508
ECG,1405317400031,508
ECG,1405317400035,507
ECG,1405317400039,507
ECG,1405317400043,508
ECG,1405317400047,508
ECG,1405317400051,509
ECG,1405317400055,509
ECG,1405317400059,509
ECG,1405317400063,509
ECG,1405317400067,508
ECG,1405317400071,508
ECG,1405317400075,508
ECG,1405317400079,508
ECG,1405317400083,508
ECG,1405317400087,508
ECG,1405317400091,508
ECG,1405317400095,508
ECG,1405317400099,508
ECG,1405317400103,509
ECG,1405317400107,508
ECG,1405317400111,508
ECG,1405317400115,508
ECG,1405317400119,509
ECG,1405317400123,509
ECG,1405317400127,509
ECG,1405317400131,509
ECG,1405317400135,508
ECG,1405317400139,508
ECG,1405317400143,508
ECG,1405317400147,509
ECG,1405317400151,512
ECG,1405317400155,516
ECG,1405317400159,522
ECG,1405317400163,530
ECG,1405317400167,537
ECG,1405317400171,540
ECG,1405317400175,538
ECG,1405317400179,529
ECG,1405317400183,517
ECG,1405317400187,507
ECG,1405317400191,501
ECG,1405317400195,500
ECG,1405317400199,503
ECG,1405317400203,507
ECG,1405317400207,509
ECG,1405317400211,509
ECG,1405317400215,508
ECG,1405317400219,508
ECG,1405317400223,508
ECG,1405317400227,508
ECG,1405317400231,509
ECG,1405317400235,509
ECG,1405317400239,510
ECG,1405317400243,509
ECG,1405317400247,509
ECG,1405317400251,509
ECG,1405317400255,509
ECG,1405317400314,510
ECG,1405317400318,510
ECG,1405317400322,510
ECG,1405317400326,510
ECG,1405317400330,510
ECG,1405317400334,510
ECG,1405317400338,511
ECG,1405317400342,512
ECG,1405317400346,512
ECG,1405317400350,512
ECG,1405317400354,511
ECG,1405317400358,511
ECG,1405317400362,510
ECG,1405317400366,510
ECG,1405317400370,511
ECG,1405317400374,511
ECG,1405317400378,512
ECG,1405317400382,511
ECG,1405317400386,512
ECG,1405317400390,512
ECG,1405317400394,512
ECG,1405317400398,513
ECG,1405317400402,514
ECG,1405317400406,514
ECG,1405317400410,515
ECG,1405317400414,516
ECG,1405317400418,516
ECG,1405317400422,516
ECG,1405317400426,515
ECG,1405317400430,515
ECG,1405317400434,514
ECG,1405317400438,514
ECG,1405317400442,515
ECG,1405317400446,516
ECG,1405317400450,517
ECG,1405317400454,518
ECG,1405317400458,518
ECG,1405317400462,517
ECG,1405317400466,516
ECG,1405317400470,515
ECG,1405317400474,514
ECG,1405317400478,514
ECG,1405317400482,514
ECG,1405317400486,513
ECG,1405317400490,513
ECG,1405317400494,513
ECG,1405317400498,512
ECG,1405317400502,512
ECG,1405317400506,511
ECG,1405317400510,510
ECG,1405317400514,509
ECG,1405317400518,509
ECG,1405317400522,509
ECG,1405317400526,510
ECG,1405317400530,510
ECG,1405317400534,510
ECG,1405317400538,510
ECG,1405317400542,509
ECG,1405317400546,509
ECG,1405317400550,509
ECG,1405317400554,509
ECG,1405317400558,509
ECG,1405317400562,509
ECG,1405317400616,510
ECG,1405317400620,510
ECG,1405317400624,510
ECG,1405317400628,511
ECG,1405317400632,510
ECG,1405317400636,510
ECG,1405317400640,510
ECG,1405317400644,509
ECG,1405317400648,509
ECG,1405317400652,509
ECG,1405317400656,510
ECG,1405317400660,511
ECG,1405317400664,511
ECG,1405317400668,511
ECG,1405317400672,511
ECG,1405317400676,511
ECG,1405317400680,510
ECG,1405317400684,510
ECG,1405317400688,510
ECG,1405317400692,510
ECG,1405317400696,511
ECG,1405317400700,512
ECG,1405317400704,512
ECG,1405317400708,512
ECG,1405317400712,512
ECG,1405317400716,511
ECG,1405317400720,511
ECG,1405317400724,510
ECG,1405317400728,510
ECG,1405317400732,510
ECG,1405317400736,511
ECG,1405317400740,511
ECG,1405317400744,511
ECG,1405317400748,511
ECG,1405317400752,511
ECG,1405317400756,511
ECG,1405317400760,510
ECG,1405317400764,510
ECG,1405317400768,510
ECG,1405317400772,511
ECG,1405317400776,511
ECG,1405317400780,512
ECG,1405317400784,512
ECG,1405317400788,511
ECG,1405317400792,511
ECG,1405317400796,510
ECG,1405317400800,510
ECG,1405317400804,510
ECG,1405317400808,510
ECG,1405317400812,510
ECG,1405317400816,510
ECG,1405317400820,510
ECG,1405317400824,510
ECG,1405317400828,510
ECG,1405317400832,510
ECG,1405317400836,510
ECG,1405317400840,510
ECG,1405317400844,510
ECG,1405317400848,509
ECG,1405317400852,509
ECG,1405317400856,510
ECG,1405317400860,511
ECG,1405317400864,511
ECG,1405317400778,512
ECG,1405317400782,512
ECG,1405317400786,511
ECG,1405317400790,511
ECG,1405317400794,510
ECG,1405317400798,510
ECG,1405317400802,510
ECG,1405317400806,511
ECG,1405317400810,511
ECG,1405317400814,510
ECG,1405317400818,510
ECG,1405317400822,510
ECG,1405317400826,510
ECG,1405317400830,510
ECG,1405317400834,511
ECG,1405317400838,511
ECG,1405317400842,511
ECG,1405317400846,512
ECG,1405317400850,512
ECG,1405317400854,512
ECG,1405317400858,511
ECG,1405317400862,511
ECG,1405317400866,510
ECG,1405317400870,509
ECG,1405317400874,510
ECG,1405317400878,513
ECG,1405317400882,517
ECG,1405317400886,524
ECG,1405317400890,531
ECG,1405317400894,538
ECG,1405317400898,541
ECG,1405317400902,539
ECG,1405317400906,531
ECG,1405317400910,519
ECG,1405317400914,509
ECG,1405317400918,503
ECG,1405317400922,502
ECG,1405317400926,504
ECG,1405317400930,507
ECG,1405317400934,507
ECG,1405317400938,505
ECG,1405317400942,503
ECG,1405317400946,504
ECG,1405317400950,507
ECG,1405317400954,510
ECG,1405317400958,511
ECG,1405317400962,511
ECG,1405317400966,509
ECG,1405317400970,507
ECG,1405317400974,507
ECG,1405317400978,508
ECG,1405317400982,509
ECG,1405317400986,510
ECG,1405317400990,511
ECG,1405317400994,512
ECG,1405317400998,512
ECG,1405317401002,511
ECG,1405317401006,511
ECG,1405317401010,510
ECG,1405317401014,510
ECG,1405317401018,510
ECG,1405317401022,510
ECG,1405317401026,511
ECG,1405317401078,512
ECG,1405317401082,512
ECG,1405317401086,512
ECG,1405317401090,512
ECG,1405317401094,513
ECG,1405317401098,514
ECG,1405317401102,515
ECG,1405317401106,515
ECG,1405317401110,515
ECG,1405317401114,515
ECG,1405317401118,515
ECG,1405317401122,515
ECG,1405317401126,514
ECG,1405317401130,514
ECG,1405317401134,515
ECG,1405317401138,515
ECG,1405317401142,516
ECG,1405317401146,516
ECG,1405317401150,516
ECG,1405317401154,516
ECG,1405317401158,516
ECG,1405317401162,516
ECG,1405317401166,517
ECG,1405317401170,517
ECG,1405317401174,518
ECG,1405317401178,518
ECG,1405317401182,518
ECG,1405317401186,518
ECG,1405317401190,517
ECG,1405317401194,516
ECG,1405317401198,515
ECG,1405317401202,514
ECG,1405317401206,514
ECG,1405317401210,514
ECG,1405317401214,514
ECG,1405317401218,515
ECG,1405317401222,516
ECG,1405317401226,517
ECG,1405317401230,516
ECG,1405317401234,515
ECG,1405317401238,513
ECG,1405317401242,511
ECG,1405317401246,510
ECG,1405317401250,511
ECG,1405317401254,512
ECG,1405317401258,512
ECG,1405317401262,511
ECG,1405317401266,508
ECG,1405317401270,507
ECG,1405317401274,507
ECG,1405317401278,508
ECG,1405317401282,509
ECG,1405317401286,509
ECG,1405317401290,509
ECG,1405317401294,510
ECG,1405317401298,513
ECG,1405317401302,517
ECG,1405317401306,521
ECG,1405317401310,522
ECG,1405317401314,519
ECG,1405317401318,515
ECG,1405317401322,510
ECG,1405317401326,507
ECG,1405317401275,507
ECG,1405317401279,509
ECG,1405317401283,511
ECG,1405317401287,513
ECG,1405317401291,513
ECG,1405317401295,512
ECG,1405317401299,511
ECG,1405317401303,509
ECG,1405317401307,508
ECG,1405317401311,507
ECG,1405317401315,507
ECG,1405317401319,508
ECG,1405317401323,508
ECG,1405317401327,508
ECG,1405317401331,508
ECG,1405317401335,508
ECG,1405317401339,508
ECG,1405317401343,508
ECG,1405317401347,508
ECG,1405317401351,508
ECG,1405317401355,508
ECG,1405317401359,508
ECG,1405317401363,508
ECG,1405317401367,509
ECG,1405317401371,509
ECG,1405317401375,508
ECG,1405317401379,508
ECG,1405317401383,508
ECG,1405317401387,508
ECG,1405317401391,508
ECG,1405317401395,508
ECG,1405317401399,508